,Rank,Athlete,Age,Team,Total Points,100-metres Rank,100-metres,100-metres PTS,long-jump Rank,long-jump,long-jump PTS,shot-put Rank,shot-put,shot-put PTS,high-jump Rank,high-jump,high-jump PTS,400-metres Rank,400-metres,400-metres PTS,110-metre-hurdles Rank,110-metre-hurdles,110-metre-hurdles PTS,discus-throw Rank,discus-throw,discus-throw PTS,pole-vault Rank,pole-vault,pole-vault PTS,javelin-throw Rank,javelin-throw,javelin-throw PTS,1500-metres Rank,1500-metres,1500-metres PTS,Competition,Date,Location
0,1,Daley Thompson,21.0,Great Britain,8522.0,1,10.62,947,1,8.0,1061.0,5,15.18,801,2T,2.08,878,1,48.01,909.0,2,14.47,915.0,12,42.24,710,5T,4.7,819.0,6,64.16,801.0,10,279.9,681.0,Olympics,2000-09-27,Sydney
1,2,Yury Kutsenko,28.0,Soviet Union,8369.0,6,11.19,819,2,7.74,995.0,7,14.5,759,2T,2.08,878,3T,48.67,877.0,9,15.04,845.0,15,39.86,662,1T,4.9,880.0,2,68.08,860.0,1,262.6,794.0,Olympics,2000-09-27,Sydney
2,3,Sergey Zhelanov,23.0,Soviet Union,8135.0,16T,11.4,774,4,7.6,960.0,11,14.17,739,1,2.18,973,8,49.27,849.0,6T,14.83,870.0,10,42.8,722,7T,4.6,790.0,10,57.3,697.0,3,267.5,761.0,Olympics,2000-09-27,Sydney
3,4,Georg Werthner,24.0,Austria,8084.0,20,11.44,765,9T,7.27,878.0,15,13.45,695,8T,2.03,831,7,49.26,849.0,10,15.08,840.0,18,38.14,627,3,4.85,865.0,1,73.66,945.0,2,263.4,789.0,Olympics,2000-09-27,Sydney
4,5,Sepp Zeilbauer,27.0,Austria,7989.0,11,11.29,797,12,7.14,847.0,4,15.31,809,8T,2.03,831,16,50.91,773.0,4,14.8,874.0,9,44.0,746,10,4.5,760.0,5,64.86,811.0,7,270.6,741.0,Olympics,2000-09-27,Sydney
5,6,Dariusz Ludwig,25.0,Poland,7972.0,13T,11.35,784,5,7.51,937.0,17,13.32,687,2T,2.08,878,15,50.55,789.0,15,15.38,804.0,6,45.82,784,4,4.8,849.0,7,58.38,713.0,5,269.7,747.0,Olympics,2000-09-27,Sydney
6,7,Atanas Andonov,25.0,Bulgaria,7887.0,15,11.38,778,15T,6.86,781.0,3,15.59,826,11T,2.0,803,13,50.36,798.0,6T,14.83,870.0,3,47.62,821,5T,4.7,819.0,15,53.54,641.0,4,269.2,750.0,Olympics,2000-09-27,Sydney
7,8,Steffen Grummt,20.0,East Germany,7840.0,13T,11.35,784,15T,6.86,781.0,2,16.15,861,14,1.94,749,9,49.39,843.0,5,14.82,871.0,1,48.56,840,13T,4.3,702.0,14,55.24,666.0,6,270.2,743.0,Olympics,2000-09-27,Sydney
8,9,Esa Jokinen,22.0,Finland,7792.999999999999,16T,11.4,774,9T,7.27,878.0,12,14.12,736,6T,2.06,859,6,49.06,858.0,17,15.62,776.0,14,40.48,674,16,4.2,673.0,3,67.38,849.0,9,274.4,716.0,Olympics,2000-09-27,Sydney
9,10,Janusz Szczerkowski,26.0,Poland,7794.0,7T,11.22,812,6,7.38,905.0,13,14.06,732,11T,2.0,803,10,49.64,831.0,3,14.57,902.0,8,44.74,761,1T,4.9,880.0,16,45.22,518.0,13T,284.9,650.0,Olympics,2000-09-27,Sydney
10,11,Johannes Lahti,28.0,Finland,7725.0,12,11.32,791,11,7.2,862.0,10,14.28,745,8T,2.03,831,12,50.06,812.0,11,15.14,833.0,11,42.44,714,7T,4.6,790.0,11,56.94,692.0,11,284.0,655.0,Olympics,2000-09-27,Sydney
11,12,Stephan Niklaus,22.0,Switzerland,7721.0,5,11.17,823,14,6.93,797.0,9,14.29,746,13,1.97,776,11,49.74,827.0,8,14.96,854.0,13,42.18,709,13T,4.3,702.0,4,66.54,837.0,13T,284.9,650.0,Olympics,2000-09-27,Sydney
12,13,Peter Hadfield,25.0,Australia,7657.999999999999,3,11.04,852,7,7.36,900.0,16,13.34,688,17T,1.85,670,2,48.4,890.0,12,15.18,828.0,7,45.08,768,11T,4.4,731.0,13,56.12,680.0,12,284.7,651.0,Olympics,2000-09-27,Sydney
13,14,Razvigor Yankov,26.0,Bulgaria,7572.0,9,11.26,804,19,6.61,723.0,1,16.28,869,17T,1.85,670,14,50.37,798.0,18,15.69,768.0,2,48.02,829,7T,4.6,790.0,8,58.12,710.0,15,291.2,611.0,Olympics,2000-09-27,Sydney
15,16,Columba Blango,24.0,Sierra Leone,5213.999999999999,16T,11.4,774,20,6.4,675.0,20,10.0,486,17T,1.85,670,19,53.48,661.0,16,15.45,796.0,19,23.08,330,AC,,0.0,17,36.2,387.0,16,322.9,435.0,Olympics,2000-09-27,Sydney
16,1,Willi Holdorf,24.0,Germany,7726.0,1T,10.7,874,5T,7.0,814.0,2,14.95,787,8T,1.84,661,1,48.2,893.0,5T,15.0,821.0,2,46.05,788,7T,4.2,673.0,10,57.37,698.0,9,274.3,717.0,Olympics,1964-10-19,Tokyo
17,2,Rein Aun,24.0,Soviet Union,7677.000000000001,3T,10.9,830,1T,7.22,866.0,9,13.82,717,2T,1.93,740,2,48.8,864.0,13T,15.9,717.0,5,44.19,750,7T,4.2,673.0,7,59.06,724.0,2,262.3,796.0,Olympics,1964-10-19,Tokyo
18,3,Hans-Joachim Walde,22.0,Germany,7666.0,5T,11.0,808,3,7.21,864.0,4,14.45,756,1,1.96,767,7T,49.5,831.0,10,15.3,785.0,9,43.15,729,10,4.1,645.0,4,62.9,782.0,10,277.0,699.0,Olympics,1964-10-19,Tokyo
19,4,Paul Herman,23.0,United States,7651.0,12T,11.2,765,8,6.97,807.0,8,13.89,722,6T,1.87,687,5T,49.2,845.0,8T,15.2,797.0,6,44.15,749,5,4.35,716.0,3,63.35,788.0,6,265.4,775.0,Olympics,1964-10-19,Tokyo
20,5,Yang C. K.,31.0,Chinese Taipei,7539.0,5T,11.0,808,11,6.8,767.0,13,13.23,681,10T,1.81,636,3,49.0,855.0,1,14.7,857.0,13,39.59,656,1T,4.6,790.0,1,68.15,861.0,13,288.4,628.0,Olympics,1964-10-19,Tokyo
21,6,Horst Beyer,24.0,Germany,7488.0,12T,11.2,765,4,7.02,818.0,6,14.32,748,4T,1.9,714,11,49.8,817.0,8T,15.2,797.0,3,45.17,770,14,3.8,562.0,8,58.17,710.0,3,263.6,787.0,Olympics,1964-10-19,Tokyo
22,7,Vasily Kuznetsov,32.0,Soviet Union,7454.0,3T,10.9,830,7,6.98,809.0,7,14.06,732,16T,1.7,544,7T,49.5,831.0,3T,14.9,833.0,7,43.81,742,3T,4.4,731.0,2,67.87,857.0,17,302.5,545.0,Olympics,1964-10-19,Tokyo
23,8,Mykhailo Storozhenko,26.0,Soviet Union,7307.0,5T,11.0,808,1T,7.22,866.0,1,16.37,874,8T,1.84,661,21,53.6,650.0,5T,15.0,821.0,8,43.2,730,12T,4.0,617.0,6,59.1,724.0,16,300.7,556.0,Olympics,1964-10-19,Tokyo
24,9,Russ Hodge,25.0,United States,7130.0,5T,11.0,808,12,6.75,755.0,3,14.93,785,13T,1.75,585,9,49.6,827.0,15,16.0,706.0,4,44.64,759,15T,3.7,535.0,15,50.21,592.0,5,264.9,778.0,Olympics,1964-10-19,Tokyo
25,10,Dick Emberger,26.0,United States,7126.0,12T,11.2,765,13,6.72,748.0,18,11.8,594,4T,1.9,714,4,49.1,850.0,3T,14.9,833.0,16,35.32,570,15T,3.7,535.0,9,57.54,701.0,1,259.3,816.0,Olympics,1964-10-19,Tokyo
26,11,Bill Gairdner,23.0,Canada,6989.0,12T,11.2,765,19,6.4,675.0,12,13.38,690,16T,1.7,544,5T,49.2,845.0,11,15.4,774.0,10,42.91,724,17,3.4,457.0,5,59.72,734.0,4,264.5,781.0,Olympics,1964-10-19,Tokyo
27,12,ValbjÃ¶rn ÃorlÃ¡ksson,30.0,Iceland,6957.999999999999,9T,11.1,786,18,6.43,682.0,14,13.1,673,10T,1.81,636,12,50.1,804.0,12,15.6,751.0,12,39.7,658,3T,4.4,731.0,11,56.19,681.0,15,300.6,556.0,Olympics,1964-10-19,Tokyo
28,13,Franco Sar,30.0,Italy,6888.0,16T,11.3,744,20,6.31,655.0,11,13.6,704,13T,1.75,585,19,52.2,710.0,2,14.8,845.0,1,47.46,818,7T,4.2,673.0,13,53.59,642.0,18,308.4,512.0,Olympics,1964-10-19,Tokyo
29,14,Alois BÃ¼chel,23.0,Liechtenstein,6629.0,16T,11.3,744,10,6.81,769.0,17,12.16,616,10T,1.81,636,10,49.7,822.0,20,17.5,549.0,15,37.19,608,12T,4.0,617.0,18,44.9,514.0,8,268.6,754.0,Olympics,1964-10-19,Tokyo
30,15,Shosuke Suzuki,27.0,Japan,6654.0,9T,11.1,786,15,6.53,704.0,19,11.35,567,16T,1.7,544,14,50.8,772.0,17,16.5,652.0,17,35.24,568,6,4.25,688.0,14,51.88,616.0,7,268.1,757.0,Olympics,1964-10-19,Tokyo
31,16,Gerry Moro,21.0,Canada,6540.0,20,11.6,683,21,6.2,630.0,15,12.62,644,16T,1.7,544,17T,52.0,719.0,19,16.8,620.0,11,40.9,683,1T,4.6,790.0,17,46.63,539.0,11,278.8,688.0,Olympics,1964-10-19,Tokyo
32,17,Koech Kiprop,,Kenya,6556.0,21T,11.7,663,17,6.5,697.0,22,10.55,519,6T,1.87,687,20,52.8,684.0,7,15.1,809.0,18,33.07,525,11,4.05,631.0,12,55.54,671.0,12,281.6,670.0,Olympics,1964-10-19,Tokyo
33,18,Dramane Sereme,22.0,Mali,5803.999999999999,9T,11.1,786,16,6.51,700.0,20,11.03,548,21,1.6,464,15,51.2,754.0,16,16.4,662.0,20,29.24,450,18,2.6,264.0,16,48.46,566.0,14,291.5,610.0,Olympics,1964-10-19,Tokyo
34,1,Dan O'Brien,30.0,United States,8824.0,2,10.5,975,9,7.57,952.0,5,15.66,830,4T,2.07,868,1,46.82,967.0,3,13.87,991.0,5,48.78,845,8T,5.0,910.0,3,66.9,842.0,27,285.89,644.0,Olympics,1996-07-31,Atlanta
35,2,Frank Busemann,21.0,Germany,8706.0,3,10.6,952,1,8.07,1079.0,26,13.6,704,10T,2.04,840,10,48.34,893.0,1,13.47,1044.0,13,45.04,768,15T,4.8,849.0,4,66.86,842.0,9,271.41,735.0,Olympics,1996-07-31,Atlanta
36,3,TomÃ¡Å¡ DvoÅÃ¡k,24.0,Czech Republic,8664.0,4,10.64,942,8,7.6,960.0,4,15.82,840,17T,1.98,785,9,48.29,895.0,2,13.79,1002.0,7,46.28,793,21T,4.7,819.0,1,70.16,892.0,8,271.25,736.0,Olympics,1996-07-31,Atlanta
37,4,Steve Fritz,28.0,United States,8644.0,19,10.9,883,4,7.77,1002.0,10,15.31,809,10T,2.04,840,26,50.13,809.0,5,13.97,978.0,1,49.84,867,6T,5.1,941.0,6,65.7,824.0,16,278.26,691.0,Olympics,1996-07-31,Atlanta
38,5,Eduard HÃ¤mÃ¤lÃ¤inen,27.0,Belarus,8613.0,12T,10.85,894,14,7.48,930.0,3,16.32,871,17T,1.98,785,2,46.91,963.0,4,13.95,981.0,2,49.62,862,8T,5.0,910.0,19,57.66,703.0,10,274.68,714.0,Olympics,1996-07-31,Atlanta
39,6,Erki Nool,26.0,Estonia,8543.0,5,10.65,940,2,7.88,1030.0,22,14.01,729,14T,2.01,813,4,47.26,945.0,30,15.03,846.0,23,42.98,725,1T,5.4,1035.0,7,65.48,821.0,25,283.36,659.0,Olympics,1996-07-31,Atlanta
40,7,Robert ZmÄlÃ­k,27.0,Czech Republic,8422.0,10,10.83,899,6,7.64,970.0,28,13.53,700,22T,1.95,758,23,49.55,835.0,8,14.17,953.0,18,43.44,735,1T,5.4,1035.0,2,67.2,847.0,17,278.45,690.0,Olympics,1996-07-31,Atlanta
41,8,Ramil Ganiyev,27.0,Uzbekistan,8318.0,11,10.84,897,7,7.61,962.0,13,14.71,772,2,2.13,925,21,49.14,855.0,27T,14.88,864.0,15,44.86,764,4T,5.2,972.0,27,53.7,644.0,23,282.72,663.0,Olympics,1996-07-31,Atlanta
42,9,Antonio PeÃ±alver,27.0,Spain,8307.0,21T,10.95,872,22,7.27,878.0,2,16.91,907,4T,2.07,868,27,50.41,796.0,11,14.35,930.0,4,48.92,848,21T,4.7,819.0,20,57.08,694.0,15,277.71,695.0,Olympics,1996-07-31,Atlanta
43,10,Chris Huffins,26.0,United States,8300.0,1,10.47,982,13,7.49,932.0,6T,15.57,825,10T,2.04,840,16,48.83,869.0,7,14.1,962.0,6,48.72,844,21T,4.7,819.0,13,60.62,747.0,31,314.36,480.0,Olympics,1996-07-31,Atlanta
44,11,Christian Plaziat,32.0,France,8282.0,12T,10.85,894,3,7.82,1014.9999999999999,11,14.85,780,10T,2.04,840,20,49.07,858.0,15T,14.52,908.0,11T,45.34,774,12T,4.9,880.0,29,52.18,621.0,11,275.0,712.0,Olympics,1996-07-31,Atlanta
45,12,JÃ³n Arnar MagnÃºsson,26.0,Iceland,8274.0,7,10.67,935,21,7.28,881.0,8,15.52,822,22T,1.95,758,3,47.17,950.0,9,14.22,946.0,17,43.78,742,15T,4.8,849.0,12,61.1,754.0,28,286.97,637.0,Olympics,1996-07-31,Atlanta
46,13,Mike Smith,28.0,Canada,8271.0,29,11.08,843,15,7.47,927.0,1,16.97,911,22T,1.95,758,34,51.97,726.0,22,14.78,876.0,3,49.54,861,8T,5.0,910.0,9,64.34,803.0,26,283.81,656.0,Olympics,1996-07-31,Atlanta
47,14,Frank MÃ¼ller,28.0,Germany,8253.0,21T,10.95,872,24,7.25,874.0,14,14.69,771,22T,1.95,758,19,49.05,859.0,26,14.86,867.0,8T,45.9,785,6T,5.1,941.0,5,66.1,830.0,14,277.5,696.0,Olympics,1996-07-31,Atlanta
48,15,Sebastian Chmara,24.0,Poland,8249.0,36,11.28,799,5,7.75,997.0,16,14.51,760,3,2.1,896,14,48.75,873.0,19,14.59,900.0,25,42.6,718,12T,4.9,880.0,24,54.84,661.0,5,266.96,765.0,Olympics,1996-07-31,Atlanta
49,16,Kamil DamaÅ¡ek,22.0,Czech Republic,8229.0,16,10.86,892,26T,7.22,866.0,9,15.51,821,14T,2.01,813,5,47.35,941.0,29,14.94,857.0,24,42.66,719,12T,4.9,880.0,22,55.84,675.0,4,266.86,765.0,Olympics,1996-07-31,Atlanta
50,17,SÃ©bastien Levicq,25.0,France,8192.0,32,11.17,823,29,7.16,852.0,21,14.05,731,31T,1.92,731,30,50.55,789.0,14,14.5,911.0,14,45.0,767,1T,5.4,1035.0,8,64.42,805.0,6,269.5,748.0,Olympics,1996-07-31,Atlanta
51,18,Marcel Dost,26.0,Netherlands,8111.000000000001,17,10.87,890,28,7.21,864.0,23T,13.91,723,22T,1.95,758,8,48.19,900.0,15T,14.52,908.0,27,41.92,704,4T,5.2,972.0,18,57.76,704.0,19,278.81,688.0,Olympics,1996-07-31,Atlanta
52,19,Francisco Benet,28.0,Spain,8107.000000000001,21T,10.95,872,19T,7.3,886.0,23T,13.91,723,17T,1.98,785,12,48.67,877.0,12,14.36,929.0,16,44.3,752,15T,4.8,849.0,15,59.44,729.0,13,276.04,705.0,Olympics,1996-07-31,Atlanta
53,20,Dirk-Achim Pajonk,27.0,Germany,8045.0,6,10.67,935,12,7.5,935.0,17,14.46,757,22T,1.95,758,15,48.81,870.0,23T,14.79,875.0,26,41.94,704,29,4.5,760.0,26,54.16,650.0,2,261.62,801.0,Olympics,1996-07-31,Atlanta
54,21,Jack Rosendaal,22.0,Netherlands,8035.0,34,11.24,808,17T,7.33,893.0,27,13.59,703,4T,2.07,868,32,50.93,772.0,13,14.46,916.0,29,41.24,690,21T,4.7,819.0,10,63.8,795.0,3,265.98,771.0,Olympics,1996-07-31,Atlanta
55,22,Vitaliy Kolpakov,24.0,Ukraine,8025.0,31,11.15,827,10T,7.53,942.0,18,14.33,749,4T,2.07,868,7,48.12,903.0,10,14.3,936.0,10,45.66,780,15T,4.8,849.0,28,53.58,642.0,30,305.41,529.0,Olympics,1996-07-31,Atlanta
56,23,Rojs Piziks,25.0,Latvia,7994.0,38T,11.4,774,33,6.86,781.0,15,14.6,765,1,2.16,953,33,51.48,748.0,32,15.2,825.0,8T,45.9,785,8T,5.0,910.0,16,58.4,714.0,7,270.88,739.0,Olympics,1996-07-31,Atlanta
57,24,Doug Pirini,26.0,New Zealand,7961.0,18,10.89,885,17T,7.33,893.0,12,14.75,774,33T,1.89,705,11,48.56,882.0,27T,14.88,864.0,11T,45.34,774,26T,4.6,790.0,17,58.02,708.0,21,279.09000000000003,686.0,Olympics,1996-07-31,Atlanta
58,25,Eugenio BalanquÃ©,27.0,Cuba,7872.999999999999,8,10.71,926,37,6.36,666.0,20,14.11,735,33T,1.89,705,6,47.46,935.0,6,14.07,965.0,28,41.64,698,21T,4.7,819.0,14,59.92,737.0,20,278.97,687.0,Olympics,1996-07-31,Atlanta
59,26,RaÃºl Duany,21.0,Cuba,7802.000000000001,33,11.2,817,19T,7.3,886.0,25,13.78,715,4T,2.07,868,29,50.5,792.0,25,14.84,869.0,32,38.56,635,30,4.4,731.0,11,62.86,781.0,12,275.59000000000003,708.0,Olympics,1996-07-31,Atlanta
60,27,Zsolt KÃ¼rtÃ¶si,25.0,Hungary,7755.0,30,11.09,841,31,7.05,826.0,19,14.29,746,14T,2.01,813,28,50.43,795.0,20,14.64,894.0,21,43.22,730,26T,4.6,790.0,25,54.8,660.0,24,283.21,660.0,Olympics,1996-07-31,Atlanta
61,28,Philipp Huber,22.0,Switzerland,7742.999999999999,26T,11.06,847,30,7.15,850.0,31,13.34,688,35,1.86,679,13,48.72,875.0,31,15.08,840.0,20,43.32,732,26T,4.6,790.0,30,51.96,618.0,1,258.15,824.0,Olympics,1996-07-31,Atlanta
62,29,Alper KasapoÄlu,30.0,Turkey,7575.0,28,11.07,845,26T,7.22,866.0,33,12.89,661,31T,1.92,731,24,49.61,833.0,18,14.55,905.0,30,40.64,678,15T,4.8,849.0,31,45.24,518.0,18,278.69,689.0,Olympics,1996-07-31,Atlanta
63,30,Beniamino Poserina,25.0,Italy,7013.0,25,11.05,850,32,6.98,809.0,AC,,0,17T,1.98,785,22,49.52,837.0,21,14.68,889.0,19,43.42,734,15T,4.8,849.0,21,56.78,690.0,29,298.28,570.0,Olympics,1996-07-31,Atlanta
64,31,Nikolay Afanasyev,30.0,Russia,6711.0,40,11.44,765,34,6.74,753.0,30,13.38,690,17T,1.98,785,31,50.83,777.0,23T,14.79,875.0,22,43.08,727,AC,,0.0,23,55.12,665.0,22,281.0,674.0,Olympics,1996-07-31,Atlanta
65,1,Bill Toomey,29.0,United States,8144.0,1,10.41,996,1,7.87,1027.0000000000002,18,13.75,713,6T,1.95,758,1,45.68,1025.0,8T,14.95,856.0,9,43.68,740,9T,4.2,673.0,5,62.8,780.0,6,297.1,424.0,Olympics,1968-10-08,Mexico City
66,2,Hans-Joachim Walde,26.0,West Germany,8093.999999999999,9T,10.97,867,2T,7.64,970.0,5,15.13,798,3T,2.01,813,3,49.03,860.0,7,14.87,865.0,10,43.54,737,6T,4.3,702.0,2,71.62,914.0,7,298.5,416.0,Olympics,1968-10-08,Mexico City
67,3,Kurt Bendlin,25.0,West Germany,8071.0,4T,10.75,917,5,7.56,950.0,8,14.74,774,17T,1.8,627,2,48.38,891.0,12T,15.06,842.0,4,46.78,804,3,4.6,790.0,1,75.42,972.0,11,309.8,356.0,Olympics,1968-10-08,Mexico City
68,4,Mykola Avilov,20.0,Soviet Union,7862.0,9T,10.95,872,2T,7.64,970.0,21,13.41,692,2,2.07,868,7T,49.93,818.0,1T,14.58,901.0,5,46.64,801,13T,4.1,645.0,6,60.12,740.0,8,300.8,404.0,Olympics,1968-10-08,Mexico City
69,5,Joachim Kirst,21.0,East Germany,7760.0,2T,10.58,956,4,7.61,962.0,1,16.43,878,5,1.98,785,10T,50.25,803.0,20,15.68,769.0,3,46.89,806,12,4.15,659.0,10,57.02,693.0,17,320.1,305.0,Olympics,1968-10-08,Mexico City
70,6,Tom Waddell,30.0,United States,7675.0,28T,11.33,789,6,7.47,927.0,9,14.45,756,3T,2.01,813,19,51.25,758.0,15T,15.39,803.0,8,43.73,741,4,4.5,760.0,3,63.7,794.0,9,304.5,384.0,Olympics,1968-10-08,Mexico City
71,7,Rick Sloan,21.0,United States,7617.999999999999,23T,11.28,799,25,6.72,748.0,13,14.07,733,1,2.1,896,18,51.05,767.0,17T,15.51,789.0,7,45.58,779,1T,4.85,865.0,15,49.9,587.0,3,284.0,500.0,Olympics,1968-10-08,Mexico City
72,8,Steen Smidt-Jensen,23.0,Denmark,7564.0,9T,11.0,861,14,7.17,854.0,23,13.03,669,6T,1.95,758,10T,50.22,804.0,8T,14.96,854.0,14,41.07,686,1T,4.85,865.0,19,46.8,541.0,2,281.3,517.0,Olympics,1968-10-08,Mexico City
73,9,Ed de Noorlander,23.0,Netherlands,7443.0,18T,11.19,819,20,6.9,790.0,17,13.89,722,6T,1.95,758,14T,50.57,789.0,1T,14.53,907.0,13,41.7,699,9T,4.2,673.0,14,50.22,592.0,1,277.8,539.0,Olympics,1968-10-08,Mexico City
74,10,Manfred Tiedtke,26.0,East Germany,7450.0,9T,10.96,870,7,7.46,925.0,2,15.77,837,6T,1.95,758,9,50.01,814.0,3T,14.8,874.0,17,40.31,671,6T,4.3,702.0,13,51.84,616.0,18,333.4,244.0,Olympics,1968-10-08,Mexico City
75,11,Lennart Hedmark,24.0,Sweden,7396.0,18T,11.18,821,13,7.29,883.0,12,14.08,733,12T,1.89,705,20,51.36,753.0,8T,14.99,851.0,11,42.96,725,13T,4.1,645.0,4,62.9,782.0,12,311.0,350.0,Olympics,1968-10-08,Mexico City
76,12,Walter DieÃl,25.0,Austria,7358.0,4T,10.8,906,8,7.42,915.0,11,14.32,748,15T,1.83,653,22,51.67,739.0,3T,14.77,878.0,12,42.23,710,8,4.25,688.0,12,55.38,669.0,16,319.7,307.0,Olympics,1968-10-08,Mexico City
77,13,Clive Longe,29.0,Great Britain,7240.0,9T,10.96,870,21,6.86,781.0,6,15.1,796,22T,1.7,544,5,49.37,844.0,17T,15.55,784.0,2,47.6,821,16,4.0,617.0,9,59.3,727.0,15,318.8,312.0,Olympics,1968-10-08,Mexico City
78,14,JÄnis Lanka,28.0,Soviet Union,7011.0,9T,10.95,872,15,7.15,850.0,3,15.31,809,17T,1.8,627,7T,49.92,818.0,5T,14.82,871.0,1,49.9,868,18,3.8,562.0,8,59.76,734.0,AC,,,Olympics,1968-10-08,Mexico City
79,15,Wu Ah-Min,30.0,Chinese Taipei,7154.0,28T,11.32,791,9T,7.4,910.0,27,12.08,611,17T,1.8,627,23,52.31,711.0,5T,14.82,871.0,18,40.25,670,5,4.35,716.0,7,60.1,739.0,10,308.9,361.0,Olympics,1968-10-08,Mexico City
80,16,Spas Dzhurov,23.0,Bulgaria,7056.0,9T,10.95,872,9T,7.4,910.0,15,13.99,728,12T,1.89,705,10T,50.28,802.0,14,15.17,829.0,15,40.9,683,19,3.6,509.0,18,47.04,545.0,14,315.5,328.0,Olympics,1968-10-08,Mexico City
81,17,Roger Lespagnard,21.0,Belgium,7005.0,18T,11.12,834,18,6.94,799.0,24T,12.59,642,6T,1.95,758,10T,50.29,801.0,22,15.84,751.0,21,37.74,619,9T,4.2,673.0,17,47.46,551.0,5,297.0,425.0,Olympics,1968-10-08,Mexico City
82,18,Urs Trautmann,28.0,Switzerland,6922.999999999999,23T,11.26,804,17,6.96,804.0,4,15.16,800,6T,1.95,758,27,63.48,302.0,8T,14.99,851.0,6,46.2,792,13T,4.1,645.0,11,56.32,683.0,13,313.6,337.0,Olympics,1968-10-08,Mexico City
83,19,Franz Biedermann,22.0,Liechtenstein,6220.0,30T,11.56,740,29,6.3,652.0,29,10.94,542,22T,1.7,544,21,51.45,749.0,17T,15.59,780.0,23,30.67,478,17,3.9,590.0,20,44.92,514.0,4,287.9,476.0,Olympics,1968-10-08,Mexico City
84,20,Don VÃ©lez,20.0,Nicaragua,5822.999999999999,30T,11.54,744,26,6.63,727.0,30,10.6,522,28T,1.65,504,24,53.16,675.0,23,16.24,706.0,22,36.43,592,20,3.4,457.0,16,48.94,573.0,19,346.1,190.0,Olympics,1968-10-08,Mexico City
85,1,Rafer Johnson,25.0,United States,7926.0,3,11.07,845,2,7.35,898.0,1,15.82,840,3T,1.85,670,3,48.3,888.0,5T,15.46,795.0,3,48.49,894,3T,4.1,645.0,3,69.76,886.0,15,289.7,620.0,Olympics,1960-09-05,Rome
86,2,Yang C. K.,27.0,Chinese Taipei,7839.0,1,10.88,888,1,7.46,925.0,14,13.33,687,1T,1.9,714,2,48.1,898.0,1,14.8,874.0,11,39.83,622,1,4.3,702.0,4,68.22,862.0,12,288.5,628.0,Olympics,1960-09-05,Rome
87,3,Vasily Kuznetsov,28.0,Soviet Union,7557.0,4T,11.25,806,6,6.96,804.0,4,14.46,757,16T,1.75,585,6,50.2,799.0,4,15.15,831.0,1,50.52,972,6T,3.9,590.0,2,71.2,908.0,16,293.8,596.0,Olympics,1960-09-05,Rome
88,4,Yuriy Kutenko,28.0,Soviet Union,7442.0,13T,11.5,753,9T,6.93,797.0,7,13.97,727,10T,1.8,627,13T,51.1,758.0,9T,15.74,762.0,5,45.63,795,2,4.2,673.0,1,71.44,911.0,11,284.2,654.0,Olympics,1960-09-05,Rome
89,5,Eef Kamerbeek,26.0,Netherlands,7237.0,8T,11.49,755,3,7.21,864.0,9,13.76,714,10T,1.8,627,13T,51.1,758.0,3,15.03,846.0,7,44.31,753,8T,3.8,562.0,11,57.49,700.0,10,283.6,658.0,Olympics,1960-09-05,Rome
90,6,Franco Sar,26.0,Italy,7174.0,13T,11.51,750,22,6.69,741.0,8,13.89,722,10T,1.8,627,16T,51.3,749.0,2,14.88,864.0,2,49.58,935,8T,3.8,562.0,13,55.74,674.0,13,289.2,623.0,Olympics,1960-09-05,Rome
91,7,Markus Kahma,27.0,Finland,7181.0,17T,11.69,713,9T,6.93,797.0,3,14.55,762,16T,1.75,585,7T,50.5,785.0,15,16.05,727.0,6,44.93,773,13T,3.6,509.0,9,60.5,745.0,1,262.8,793.0,Olympics,1960-09-05,Rome
92,8,Klaus Grogorenz,23.0,Germany,7114.0,2,10.95,872,9T,6.93,797.0,20,12.42,632,21T,1.73,569,1,48.0,902.0,20T,16.98,626.0,10,40.12,630,11T,3.7,535.0,8,60.81,750.0,3,267.0,764.0,Olympics,1960-09-05,Rome
93,9,JoÅ¾e Brodnik,24.0,Yugoslavia,7042.0,22T,11.74,703,15,6.91,792.0,21,12.3,625,10T,1.8,627,12,51.0,763.0,11T,15.79,757.0,18,37.66,563,3T,4.1,645.0,5,65.3,818.0,7,277.7,695.0,Olympics,1960-09-05,Rome
94,10,Manfred Bock,19.0,Germany,7037.0,13T,11.53,746,20,6.79,764.0,23,12.03,608,3T,1.85,670,7T,50.5,785.0,17,16.27,703.0,17,37.69,564,6T,3.9,590.0,6,63.63,793.0,4,267.6,760.0,Olympics,1960-09-05,Rome
95,11,Fritz Vogelsang,27.0,Switzerland,6912.0,8T,11.45,763,7T,6.94,799.0,24,11.78,593,24T,1.7,544,5,50.0,808.0,5T,15.44,797.0,21,37.03,547,5,4.0,617.0,14,52.61,627.0,5,267.7,760.0,Olympics,1960-09-05,Rome
96,12,Seppo Suutari,19.0,Finland,6914.0,4T,11.24,808,7T,6.94,799.0,2,14.96,787,6T,1.83,653,18T,51.8,727.0,9T,15.7,767.0,15,37.94,571,16,3.5,482.0,10,59.86,736.0,21,304.8,532.0,Olympics,1960-09-05,Rome
97,13,Luciano Paccagnella,21.0,Italy,6583.0,27T,11.93,665,21,6.73,750.0,5,14.18,739,10T,1.8,627,27,54.3,622.0,11T,15.98,735.0,4,45.67,797,13T,3.6,509.0,19,48.6,568.0,18,295.4,587.0,Olympics,1960-09-05,Rome
98,14,BjÃ¶rgvin HÃ³lm,25.0,Iceland,6639.0,27T,11.89,673,9T,6.93,797.0,12,13.58,703,16T,1.75,585,18T,51.8,727.0,18,16.37,692.0,12,39.5,612,18T,3.3,431.0,12,57.45,700.0,9,280.6,677.0,Olympics,1960-09-05,Rome
99,15,Herman Timme,27.0,Netherlands,6530.0,8T,11.43,767,9T,6.93,797.0,16,13.19,679,6T,1.83,653,15,51.2,754.0,11T,15.88,746.0,14,39.08,601,18T,3.3,431.0,15,51.74,614.0,22,321.4,443.0,Olympics,1960-09-05,Rome
100,16,Walter Meier,33.0,Germany,6149.0,8T,11.45,763,AC,,0.0,10,13.68,709,6T,1.83,653,4,49.5,831.0,16,16.11,720.0,13,39.18,603,11T,3.7,535.0,20,47.33,549.0,6,270.6,741.0,Olympics,1960-09-05,Rome
101,17,Hans Muchitsch,27.0,Austria,6341.0,17T,11.66,719,4,7.14,847.0,27,11.07,550,10T,1.8,627,16T,51.3,749.0,14,15.99,734.0,25,31.79,418,22T,3.2,406.0,23,38.44,420.0,2,263.3,789.0,Olympics,1960-09-05,Rome
102,18,LÃ©opold Marien,26.0,Belgium,6335.0,17T,11.63,725,23,6.62,725.0,25,11.44,572,16T,1.75,585,7T,50.5,785.0,8,15.66,772.0,23,34.28,477,18T,3.3,431.0,21,44.71,511.0,8,280.0,680.0,Olympics,1960-09-05,Rome
103,19,Juris Laipenieks,20.0,Chile,6349.0,22T,11.73,705,16,6.88,785.0,19,12.65,646,27T,1.65,504,23,53.2,667.0,22,17.22,602.0,9,40.49,640,18T,3.3,431.0,7,61.44,760.0,19,297.5,574.0,Olympics,1960-09-05,Rome
104,20,HÃ©ctor Thomas,21.0,Venezuela,6227.0,4T,11.22,812,19,6.81,769.0,13,13.42,693,16T,1.75,585,26,54.1,630.0,20T,17.01,623.0,8,40.77,648,22T,3.2,406.0,16,51.15,606.0,23,325.2,423.0,Olympics,1960-09-05,Rome
105,21,Rodolfo Mijares,22.0,Mexico,5967.0,8T,11.45,763,28,6.2,630.0,29,10.59,521,27T,1.65,504,7T,50.5,785.0,23,17.45,578.0,19,37.55,561,17,3.4,457.0,22,43.36,491.0,14,289.3,623.0,Olympics,1960-09-05,Rome
106,22,George Stulac,26.0,Canada,5814.0,29T,12.13,626,29,5.92,569.0,18,12.74,651,24T,1.7,544,22,53.0,676.0,26,18.57,471.0,20,37.35,555,13T,3.6,509.0,18,50.4,595.0,20,299.6,562.0,Olympics,1960-09-05,Rome
107,23,Panagiotis Epitropopoulos,22.0,Greece,5409.0,26,11.76,699,27,6.23,637.0,22,12.06,610,21T,1.73,569,24,53.6,650.0,24T,18.25,500.0,22,34.68,487,AC,,0.0,17,50.66,598.0,17,295.0,589.0,Olympics,1960-09-05,Rome
108,1,Robert ZmÄlÃ­k,23.0,Czechoslovakia,8611.0,4,10.78,910,1,7.87,1027.0000000000002,15,14.53,761,6T,2.06,859,8,48.65,878.0,1,13.95,981.0,10,45.0,767,2T,5.1,941.0,12,59.06,724.0,7,267.21,763.0,Olympics,1992-08-05,Barcelona
109,2,Antonio PeÃ±alver,23.0,Spain,8412.0,13T,11.09,841,4T,7.54,945.0,1,16.5,882,6T,2.06,859,17,49.66,830.0,4,14.58,901.0,3,49.68,864,6T,4.9,880.0,14,58.64,717.0,14,278.02,693.0,Olympics,1992-08-05,Barcelona
110,3,Dave Johnson,29.0,United States,8309.0,21,11.16,825,10T,7.33,893.0,8,15.28,807,12T,2.0,803,18T,49.76,826.0,9T,14.76,879.0,4,49.12,852,2T,5.1,941.0,2,62.86,781.0,13,276.63,702.0,Olympics,1992-08-05,Barcelona
111,4,DezsÅ SzabÃ³,24.0,Hungary,8199.0,13T,11.09,841,9,7.42,915.0,20,13.73,712,17T,1.97,776,5,48.24,898.0,14T,14.86,867.0,25,39.22,649,1,5.3,1004.0,11,59.14,725.0,3,259.96,812.0,Olympics,1992-08-05,Barcelona
112,5,Rob Muzzio,28.0,United States,8195.0,27,11.36,782,28T,6.94,799.0,2,16.02,852,12T,2.0,803,21,50.0,815.0,8,14.75,880.0,1,50.74,886,6T,4.9,880.0,6,61.64,763.0,11,271.52,735.0,Olympics,1992-08-05,Barcelona
113,6,Paul Meier,20.0,Germany,8192.0,3,10.75,917,4T,7.54,945.0,6,15.34,811,2,2.15,944,6T,48.33,893.0,23,15.22,823.0,18,42.14,708,15T,4.6,790.0,17,55.44,669.0,15,278.21,692.0,Olympics,1992-08-05,Barcelona
114,7,William Motti,27.0,France,8164.0,31,11.42,769,22T,7.13,845.0,4,15.44,817,3T,2.12,915,25,50.44,794.0,19,15.02,847.0,2,50.58,882,14,4.7,819.0,1,67.5,851.0,24,288.89,625.0,Olympics,1992-08-05,Barcelona
115,8,Ramil Ganiyev,23.0,Unified Team,8160.0,8T,10.97,867,7,7.49,932.0,17,14.35,750,3T,2.12,915,14,49.3,847.0,11T,14.78,876.0,8,45.08,768,6T,4.9,880.0,18,54.7,658.0,17,282.2,667.0,Olympics,1992-08-05,Barcelona
116,9,Sten Ekberg,27.0,Sweden,8136.000000000001,17,11.11,836,25T,7.02,818.0,18,14.32,748,9T,2.03,831,10,48.91,866.0,18,14.97,853.0,6T,45.76,783,6T,4.9,880.0,4,62.22,771.0,9,269.11,750.0,Olympics,1992-08-05,Barcelona
117,10,Rob de Wit,29.0,Netherlands,8109.0,13T,11.09,841,25T,7.02,818.0,3,15.48,819,12T,2.0,803,13,49.24,850.0,16,14.89,863.0,5,48.34,836,11T,4.8,849.0,7,61.36,758.0,16,281.39,672.0,Olympics,1992-08-05,Barcelona
118,11,Gernot Kellermayr,26.0,Austria,8076.000000000001,1,10.49,977,6,7.53,942.0,14,14.56,763,24T,1.91,723,2,47.91,913.0,6,14.64,894.0,9,45.06,768,11T,4.8,849.0,20,53.74,644.0,25,292.56,603.0,Olympics,1992-08-05,Barcelona
119,12,Viktor Radchenko,24.0,Unified Team,8071.0,25,11.3,795,10T,7.33,893.0,9,15.21,803,17T,1.97,776,26,50.62,786.0,11T,14.78,876.0,11,44.84,764,6T,4.9,880.0,3,62.56,776.0,12,273.49,722.0,Olympics,1992-08-05,Barcelona
120,13,Frank MÃ¼ller,24.0,Germany,8066.000000000001,6T,10.95,872,17,7.25,874.0,24,13.55,701,17T,1.97,776,3,47.98,910.0,3,14.51,910.0,16,42.56,717,15T,4.6,790.0,5,61.84,766.0,10,269.19,750.0,Olympics,1992-08-05,Barcelona
121,14,Andrei Nazarov,27.0,Estonia,8052.0,11,11.03,854,22T,7.13,845.0,27,13.11,674,5,2.09,887,11,49.03,860.0,5,14.6,899.0,13,44.58,758,11T,4.8,849.0,19,54.56,656.0,6,266.19,770.0,Olympics,1992-08-05,Barcelona
122,15,Alain Blondel,29.0,France,8031.000000000001,26,11.31,793,13,7.31,888.0,23,13.56,701,9T,2.03,831,12,49.19,852.0,2,14.5,911.0,26,37.78,620,2T,5.1,941.0,15,58.0,708.0,5,263.82,786.0,Olympics,1992-08-05,Barcelona
123,16,Ãlvaro Burrell,23.0,Spain,7952.000000000001,6T,10.95,872,3,7.56,950.0,16,14.41,753,9T,2.03,831,4,48.14,902.0,22,15.18,828.0,14,43.52,736,18T,4.5,760.0,27,45.66,525.0,4,262.42,795.0,Olympics,1992-08-05,Barcelona
124,17,Thorsten Dauth,24.0,Germany,7951.000000000001,5,10.8,906,14,7.3,886.0,7,15.29,808,17T,1.97,776,6T,48.33,893.0,9T,14.76,879.0,12,44.7,761,18T,4.5,760.0,21,52.94,632.0,19,284.91,650.0,Olympics,1992-08-05,Barcelona
125,18,David Bigham,21.0,Great Britain,7754.0,19T,11.14,830,16,7.26,876.0,30,12.56,640,23,1.94,749,1,47.73,922.0,17,14.94,857.0,27,37.42,612,18T,4.5,760.0,8T,60.52,746.0,8,267.42,762.0,Olympics,1992-08-05,Barcelona
126,19,Dean Smith,24.0,Australia,7702.999999999999,8T,10.97,867,8,7.43,918.0,21,13.67,708,24T,1.91,723,23,50.06,812.0,24,15.29,815.0,17,42.54,716,18T,4.5,760.0,8T,60.52,746.0,22,286.83,638.0,Olympics,1992-08-05,Barcelona
127,20,SÃ¡ndor MunkÃ¡csy,23.0,Hungary,7697.999999999999,18,11.13,832,15,7.28,881.0,31,12.56,640,24T,1.91,723,9,48.69,876.0,13,14.81,873.0,19,41.22,689,24,4.4,731.0,22,52.9,632.0,2,258.62,821.0,Olympics,1992-08-05,Barcelona
128,21,Beat GÃ¤hwiler,27.0,Switzerland,7676.0,33,11.56,740,24,7.07,830.0,29,12.92,662,30T,1.88,696,24,50.08,811.0,21,15.17,829.0,15,43.26,731,15T,4.6,790.0,13,58.82,720.0,1,252.07,867.0,Olympics,1992-08-05,Barcelona
129,22,Francisco Benet,24.0,Spain,7484.0,30,11.41,771,28T,6.94,799.0,28,12.99,667,24T,1.91,723,16,49.6,833.0,14T,14.86,867.0,21,40.1,667,18T,4.5,760.0,10,59.68,733.0,18,282.58,664.0,Olympics,1992-08-05,Barcelona
130,23,Alper KasapoÄlu,26.0,Turkey,7205.0,28T,11.4,774,20T,7.15,850.0,25,13.4,692,24T,1.91,723,30,51.54,745.0,25,15.42,799.0,23,39.8,660,18T,4.5,760.0,25,47.9,558.0,20,285.77,644.0,Olympics,1992-08-05,Barcelona
131,24,Albert Miller,34.0,Fiji,6971.0,28T,11.4,774,32,6.5,697.0,26,13.21,680,32T,1.82,644,27,50.76,780.0,20,15.08,840.0,22,39.9,663,29,3.8,562.0,16,57.8,705.0,23,288.81,626.0,Olympics,1992-08-05,Barcelona
132,25,Eric Momberger,23.0,Papua New Guinea,6780.0,32,11.55,742,34,6.33,659.0,22,13.57,702,30T,1.88,696,31,51.78,734.0,30,16.68,658.0,24,39.52,655,25,4.2,673.0,24,52.24,622.0,21,286.64,639.0,Olympics,1992-08-05,Barcelona
133,26,Homelo Vi,24.0,Tonga,6768.0,19T,11.14,830,30,6.91,792.0,33,11.97,605,32T,1.82,644,29,51.45,749.0,26,15.7,767.0,20,40.68,678,27T,4.0,617.0,23,52.32,623.0,28,317.57,463.0,Olympics,1992-08-05,Barcelona
134,27,Ibrahim Al-Matrooshi,22.0,United Arab Emirates,6124.0,34,11.63,725,33,6.37,668.0,35,8.62,403,24T,1.91,723,28,51.4,751.0,28,15.98,735.0,30,24.58,359,26,4.1,645.0,26,46.06,531.0,26,295.76,584.0,Olympics,1992-08-05,Barcelona
135,28,Jorge Flores,20.0,Honduras,5746.0,35,11.75,701,35,6.18,626.0,34,9.54,458,34,1.7,544,32,54.81,606.0,29,16.2,710.0,29,30.26,470,27T,4.0,617.0,28,42.46,478.0,27,304.1,536.0,Olympics,1992-08-05,Barcelona
136,1,Daley Thompson,21.0,Great Britain,8522.0,1,10.62,947,1,8.0,1061.0,5,15.18,801,2T,2.08,878,1,48.01,909.0,2,14.47,915.0,12,42.24,710,5T,4.7,819.0,6,64.16,801.0,10,279.9,681.0,Olympics,1980-07-25,Moscow
137,2,Yury Kutsenko,28.0,Soviet Union,8369.0,6,11.19,819,2,7.74,995.0,7,14.5,759,2T,2.08,878,3T,48.67,877.0,9,15.04,845.0,15,39.86,662,1T,4.9,880.0,2,68.08,860.0,1,262.6,794.0,Olympics,1980-07-25,Moscow
138,3,Sergey Zhelanov,23.0,Soviet Union,8135.0,16T,11.4,774,4,7.6,960.0,11,14.17,739,1,2.18,973,8,49.27,849.0,6T,14.83,870.0,10,42.8,722,7T,4.6,790.0,10,57.3,697.0,3,267.5,761.0,Olympics,1980-07-25,Moscow
139,4,Georg Werthner,24.0,Austria,8084.0,20,11.44,765,9T,7.27,878.0,15,13.45,695,8T,2.03,831,7,49.26,849.0,10,15.08,840.0,18,38.14,627,3,4.85,865.0,1,73.66,945.0,2,263.4,789.0,Olympics,1980-07-25,Moscow
140,5,Sepp Zeilbauer,27.0,Austria,7989.0,11,11.29,797,12,7.14,847.0,4,15.31,809,8T,2.03,831,16,50.91,773.0,4,14.8,874.0,9,44.0,746,10,4.5,760.0,5,64.86,811.0,7,270.6,741.0,Olympics,1980-07-25,Moscow
141,6,Dariusz Ludwig,25.0,Poland,7972.0,13T,11.35,784,5,7.51,937.0,17,13.32,687,2T,2.08,878,15,50.55,789.0,15,15.38,804.0,6,45.82,784,4,4.8,849.0,7,58.38,713.0,5,269.7,747.0,Olympics,1980-07-25,Moscow
142,7,Atanas Andonov,25.0,Bulgaria,7887.0,15,11.38,778,15T,6.86,781.0,3,15.59,826,11T,2.0,803,13,50.36,798.0,6T,14.83,870.0,3,47.62,821,5T,4.7,819.0,15,53.54,641.0,4,269.2,750.0,Olympics,1980-07-25,Moscow
143,8,Steffen Grummt,20.0,East Germany,7840.0,13T,11.35,784,15T,6.86,781.0,2,16.15,861,14,1.94,749,9,49.39,843.0,5,14.82,871.0,1,48.56,840,13T,4.3,702.0,14,55.24,666.0,6,270.2,743.0,Olympics,1980-07-25,Moscow
144,9,Esa Jokinen,22.0,Finland,7792.999999999999,16T,11.4,774,9T,7.27,878.0,12,14.12,736,6T,2.06,859,6,49.06,858.0,17,15.62,776.0,14,40.48,674,16,4.2,673.0,3,67.38,849.0,9,274.4,716.0,Olympics,1980-07-25,Moscow
145,10,Janusz Szczerkowski,26.0,Poland,7794.0,7T,11.22,812,6,7.38,905.0,13,14.06,732,11T,2.0,803,10,49.64,831.0,3,14.57,902.0,8,44.74,761,1T,4.9,880.0,16,45.22,518.0,13T,284.9,650.0,Olympics,1980-07-25,Moscow
146,11,Johannes Lahti,28.0,Finland,7725.0,12,11.32,791,11,7.2,862.0,10,14.28,745,8T,2.03,831,12,50.06,812.0,11,15.14,833.0,11,42.44,714,7T,4.6,790.0,11,56.94,692.0,11,284.0,655.0,Olympics,1980-07-25,Moscow
147,12,Stephan Niklaus,22.0,Switzerland,7721.0,5,11.17,823,14,6.93,797.0,9,14.29,746,13,1.97,776,11,49.74,827.0,8,14.96,854.0,13,42.18,709,13T,4.3,702.0,4,66.54,837.0,13T,284.9,650.0,Olympics,1980-07-25,Moscow
148,13,Peter Hadfield,25.0,Australia,7657.999999999999,3,11.04,852,7,7.36,900.0,16,13.34,688,17T,1.85,670,2,48.4,890.0,12,15.18,828.0,7,45.08,768,11T,4.4,731.0,13,56.12,680.0,12,284.7,651.0,Olympics,1980-07-25,Moscow
149,14,Razvigor Yankov,26.0,Bulgaria,7572.0,9,11.26,804,19,6.61,723.0,1,16.28,869,17T,1.85,670,14,50.37,798.0,18,15.69,768.0,2,48.02,829,7T,4.6,790.0,8,58.12,710.0,15,291.2,611.0,Olympics,1980-07-25,Moscow
150,15,Brad McStravick,24.0,Great Britain,7537.000000000001,2,10.97,867,17,6.74,753.0,14,13.53,700,15T,1.91,723,5,48.8,871.0,14,15.23,822.0,17,39.46,654,13T,4.3,702.0,9,57.98,707.0,8,271.0,738.0,Olympics,1980-07-25,Moscow
151,16,Columba Blango,24.0,Sierra Leone,5213.999999999999,16T,11.4,774,20,6.4,675.0,20,10.0,486,17T,1.85,670,19,53.48,661.0,16,15.45,796.0,19,23.08,330,AC,,0.0,17,36.2,387.0,16,322.9,435.0,Olympics,1980-07-25,Moscow
152,1,Daley Thompson,25.0,Great Britain,8847.000000000002,1,10.44,989,1,8.01,1063.0,4,15.72,834,5T,2.03,831,1,46.97,960.0,2,14.33,932.0,7,46.56,799,2,5.0,910.0,6,65.24,817.0,14,275.0,712.0,Olympics,1984-08-08,Los Angeles
153,2,JÃ¼rgen Hingsen,26.0,West Germany,8695.0,4,10.91,881,2,7.8,1010.0,2T,15.87,843,1,2.12,915,3,47.69,924.0,1,14.29,937.0,2,50.82,887,10T,4.5,760.0,13,60.44,744.0,3,262.6,794.0,Olympics,1984-08-08,Los Angeles
154,3,Siggi Wentz,24.0,West Germany,8416.0,7,10.99,863,10,7.11,840.0,2T,15.87,843,2,2.09,887,4,47.78,920.0,3,14.35,930.0,6,46.6,800,10T,4.5,760.0,4,67.68,854.0,12,273.96,719.0,Olympics,1984-08-08,Los Angeles
155,4,Guido Kratschmer,31.0,West Germany,8357.000000000002,3,10.8,906,5,7.4,910.0,1,15.93,847,14T,1.94,749,13T,49.25,849.0,7,14.66,891.0,5,47.28,814,3T,4.9,880.0,3,69.4,880.0,20,287.99,631.0,Olympics,1984-08-08,Los Angeles
156,5,William Motti,20.0,France,8277.999999999998,14T,11.28,799,3,7.45,922.0,5,14.42,754,3T,2.06,859,6,48.13,903.0,8,14.71,885.0,1,50.92,890,10T,4.5,760.0,9,63.76,795.0,15,275.15,711.0,Olympics,1984-08-08,Los Angeles
157,6,John Crist,29.0,United States,8115.0,16,11.33,789,14,6.98,809.0,8,14.05,731,3T,2.06,859,7,48.45,887.0,10T,15.01,848.0,8,46.18,791,5T,4.8,849.0,11,61.88,766.0,4,263.78,786.0,Olympics,1984-08-08,Los Angeles
158,7,Jim Wooding,30.0,United States,8054.0,8,11.04,852,11,7.01,816.0,9,13.9,722,12T,1.97,776,2,47.62,928.0,5T,14.57,902.0,4,47.38,816,8T,4.6,790.0,14,57.2,696.0,10,268.31,756.0,Olympics,1984-08-08,Los Angeles
159,8,Dave Steen,24.0,Canada,8025.0,11T,11.2,817,4,7.41,913.0,21,12.57,641,5T,2.03,831,5,48.09,905.0,18,15.39,803.0,12,44.04,747,5T,4.8,849.0,15,56.92,692.0,2,257.7,827.0,Olympics,1984-08-08,Los Angeles
160,9,Georg Werthner,28.0,Austria,8027.999999999999,18,11.41,771,15T,6.96,804.0,12T,13.8,716,14T,1.94,749,15,49.44,841.0,16T,15.36,807.0,17,41.18,689,7,4.7,819.0,1,76.96,996.0,1,256.41,836.0,Olympics,1984-08-08,Los Angeles
161,10,Michele RÃ¼fenacht,24.0,Switzerland,7855.0,2,10.72,924,15T,6.96,804.0,11,13.86,720,10T,2.0,803,9,48.63,879.0,5T,14.57,902.0,10,45.3,773,19T,4.3,702.0,17,55.1,664.0,17,279.47,684.0,Olympics,1984-08-08,Los Angeles
162,11,Brad McStravick,28.0,Great Britain,7830.0,5,10.92,878,19,6.82,771.0,16,13.38,690,14T,1.94,749,10,48.68,876.0,10T,15.01,848.0,9,45.54,778,18T,4.3,702.0,12,61.54,761.0,6,265.15,777.0,Olympics,1984-08-08,Los Angeles
163,12,Tim Bright,24.0,United States,7862.0,13,11.22,812,20,6.75,755.0,12T,13.8,716,10T,2.0,803,11,48.87,867.0,4,14.52,908.0,16,41.74,700,1,5.4,1035.0,20,53.66,643.0,21,289.27,623.0,Olympics,1984-08-08,Los Angeles
164,13,Patrick Vetterli,22.0,Switzerland,7717.000000000001,20,11.44,765,8T,7.13,845.0,10,13.88,721,5T,2.03,831,17T,49.83,822.0,14,15.14,833.0,13,43.82,743,10T,4.5,760.0,7,64.66,808.0,23,295.06,589.0,Olympics,1984-08-08,Los Angeles
165,14,Peter Hadfield,29.0,Australia,7632.999999999999,9T,11.15,827,8T,7.13,845.0,14,13.68,709,26,1.76,593,8,48.5,885.0,12,15.05,843.0,15,43.36,733,10T,4.5,760.0,16,55.22,666.0,7,265.9,772.0,Olympics,1984-08-08,Los Angeles
166,15,Weng Kangqiang,25.0,China,7662.000000000001,14T,11.28,799,6,7.3,886.0,22,12.45,634,20T,1.88,696,21,50.52,791.0,15,15.21,824.0,20,38.74,639,8T,4.6,790.0,2,69.72,885.0,13,274.1,718.0,Olympics,1984-08-08,Los Angeles
167,16,Ku Chin-Shui,24.0,Chinese Taipei,7614.0,19,11.42,769,18,6.89,788.0,20,12.76,653,5T,2.03,831,22,50.59,788.0,9,14.91,860.0,19,39.7,658,3T,4.9,880.0,10,62.36,773.0,22,290.75,614.0,Olympics,1984-08-08,Los Angeles
168,17,Trond Skramstad,23.0,Norway,7522.0,11T,11.2,817,7,7.18,857.0,6,14.2,741,23,1.85,670,13T,49.25,849.0,13,15.08,840.0,18,40.02,665,10T,4.5,760.0,19,54.94,662.0,18,283.02,661.0,Olympics,1984-08-08,Los Angeles
169,18,Douglas FernÃ¡ndez,24.0,Venezuela,7505.0,25,11.59,734,21,6.74,753.0,17,13.12,675,20T,1.88,696,17T,49.83,822.0,22,16.05,727.0,14,43.52,736,17,4.4,731.0,5,67.12,846.0,5,263.96,785.0,Olympics,1984-08-08,Los Angeles
170,19,Lee Fu-An,20.0,Chinese Taipei,7471.0,6,10.98,865,12,7.0,814.0,19,13.02,668,5T,2.03,831,16,49.67,830.0,20,15.49,791.0,22,37.1,606,10T,4.5,760.0,18,54.96,662.0,19,285.87,644.0,Olympics,1984-08-08,Los Angeles
171,20,Colin Boreham,30.0,Great Britain,7400.0,21,11.46,761,17,6.9,790.0,15,13.51,698,12T,1.97,776,19,50.19,806.0,19,15.48,792.0,11,44.1,748,20,4.2,673.0,21,52.66,628.0,11,272.5,728.0,Olympics,1984-08-08,Los Angeles
172,21,Mohamed Mansour Salah,,Qatar,6477.0,23,11.51,750,22,6.62,725.0,23,11.54,579,20T,1.88,696,24,52.04,723.0,23,16.2,710.0,23,36.26,589,22,3.5,482.0,24,45.02,515.0,16,275.64,708.0,Olympics,1984-08-08,Los Angeles
173,22,Claudio Escauriza,26.0,Paraguay,6290.0,26,11.66,719,23,6.51,700.0,7,14.1,734,24T,1.82,644,26,53.06,679.0,26,17.51,572.0,3,47.76,824,21,4.0,617.0,8,64.16,801.0,AC,,0.0,Olympics,1984-08-08,Los Angeles
174,23,Fidel SolÃ³rzano,22.0,Ecuador,6439.0,9T,11.15,827,13,6.99,811.0,24,10.09,491,14T,1.94,749,12,49.24,850.0,24,16.22,708.0,24,33.54,535,24,3.1,381.0,22,48.66,569.0,24,307.38,518.0,Olympics,1984-08-08,Los Angeles
175,24,Ãngel DÃ­az,22.0,Guatemala,6272.0,24,11.54,744,24,6.48,693.0,26,9.62,463,18T,1.91,723,25,52.08,721.0,21,16.02,730.0,26,28.68,439,23,3.3,431.0,23,47.96,558.0,8,266.11,770.0,Olympics,1984-08-08,Los Angeles
176,25,Vivian Coralie,22.0,Mauritius,6007.999999999999,17,11.37,780,26,5.84,552.0,25,9.79,473,24T,1.82,644,23,51.28,757.0,25,16.39,689.0,25,32.92,522,25,3.0,357.0,25,41.58,465.0,9,266.26,769.0,Olympics,1984-08-08,Los Angeles
177,1,Daley Thompson,21.0,Great Britain,8522.0,1,10.62,947,1,8.0,1061.0,5,15.18,801,2T,2.08,878,1,48.01,909.0,2,14.47,915.0,12,42.24,710,5T,4.7,819.0,6,64.16,801.0,10,279.9,681.0,Olympics,1988-09-28,Seoul
178,2,Yury Kutsenko,28.0,Soviet Union,8369.0,6,11.19,819,2,7.74,995.0,7,14.5,759,2T,2.08,878,3T,48.67,877.0,9,15.04,845.0,15,39.86,662,1T,4.9,880.0,2,68.08,860.0,1,262.6,794.0,Olympics,1988-09-28,Seoul
179,3,Sergey Zhelanov,23.0,Soviet Union,8135.0,16T,11.4,774,4,7.6,960.0,11,14.17,739,1,2.18,973,8,49.27,849.0,6T,14.83,870.0,10,42.8,722,7T,4.6,790.0,10,57.3,697.0,3,267.5,761.0,Olympics,1988-09-28,Seoul
180,4,Georg Werthner,24.0,Austria,8084.0,20,11.44,765,9T,7.27,878.0,15,13.45,695,8T,2.03,831,7,49.26,849.0,10,15.08,840.0,18,38.14,627,3,4.85,865.0,1,73.66,945.0,2,263.4,789.0,Olympics,1988-09-28,Seoul
181,5,Sepp Zeilbauer,27.0,Austria,7989.0,11,11.29,797,12,7.14,847.0,4,15.31,809,8T,2.03,831,16,50.91,773.0,4,14.8,874.0,9,44.0,746,10,4.5,760.0,5,64.86,811.0,7,270.6,741.0,Olympics,1988-09-28,Seoul
182,6,Dariusz Ludwig,25.0,Poland,7972.0,13T,11.35,784,5,7.51,937.0,17,13.32,687,2T,2.08,878,15,50.55,789.0,15,15.38,804.0,6,45.82,784,4,4.8,849.0,7,58.38,713.0,5,269.7,747.0,Olympics,1988-09-28,Seoul
183,7,Atanas Andonov,25.0,Bulgaria,7887.0,15,11.38,778,15T,6.86,781.0,3,15.59,826,11T,2.0,803,13,50.36,798.0,6T,14.83,870.0,3,47.62,821,5T,4.7,819.0,15,53.54,641.0,4,269.2,750.0,Olympics,1988-09-28,Seoul
184,8,Steffen Grummt,20.0,East Germany,7840.0,13T,11.35,784,15T,6.86,781.0,2,16.15,861,14,1.94,749,9,49.39,843.0,5,14.82,871.0,1,48.56,840,13T,4.3,702.0,14,55.24,666.0,6,270.2,743.0,Olympics,1988-09-28,Seoul
185,9,Esa Jokinen,22.0,Finland,7792.999999999999,16T,11.4,774,9T,7.27,878.0,12,14.12,736,6T,2.06,859,6,49.06,858.0,17,15.62,776.0,14,40.48,674,16,4.2,673.0,3,67.38,849.0,9,274.4,716.0,Olympics,1988-09-28,Seoul
186,10,Janusz Szczerkowski,26.0,Poland,7794.0,7T,11.22,812,6,7.38,905.0,13,14.06,732,11T,2.0,803,10,49.64,831.0,3,14.57,902.0,8,44.74,761,1T,4.9,880.0,16,45.22,518.0,13T,284.9,650.0,Olympics,1988-09-28,Seoul
187,11,Johannes Lahti,28.0,Finland,7725.0,12,11.32,791,11,7.2,862.0,10,14.28,745,8T,2.03,831,12,50.06,812.0,11,15.14,833.0,11,42.44,714,7T,4.6,790.0,11,56.94,692.0,11,284.0,655.0,Olympics,1988-09-28,Seoul
188,12,Stephan Niklaus,22.0,Switzerland,7721.0,5,11.17,823,14,6.93,797.0,9,14.29,746,13,1.97,776,11,49.74,827.0,8,14.96,854.0,13,42.18,709,13T,4.3,702.0,4,66.54,837.0,13T,284.9,650.0,Olympics,1988-09-28,Seoul
189,13,Peter Hadfield,25.0,Australia,7657.999999999999,3,11.04,852,7,7.36,900.0,16,13.34,688,17T,1.85,670,2,48.4,890.0,12,15.18,828.0,7,45.08,768,11T,4.4,731.0,13,56.12,680.0,12,284.7,651.0,Olympics,1988-09-28,Seoul
190,14,Razvigor Yankov,26.0,Bulgaria,7572.0,9,11.26,804,19,6.61,723.0,1,16.28,869,17T,1.85,670,14,50.37,798.0,18,15.69,768.0,2,48.02,829,7T,4.6,790.0,8,58.12,710.0,15,291.2,611.0,Olympics,1988-09-28,Seoul
192,16,Columba Blango,24.0,Sierra Leone,5213.999999999999,16T,11.4,774,20,6.4,675.0,20,10.0,486,17T,1.85,670,19,53.48,661.0,16,15.45,796.0,19,23.08,330,AC,,0.0,17,36.2,387.0,16,322.9,435.0,Olympics,1988-09-28,Seoul
193,1,Mykola Avilov,24.0,Soviet Union,8467.0,10T,11.0,861,1,7.68,980.0,12,14.36,750,1,2.12,915,7,48.45,887.0,1,14.31,935.0,4,46.98,808,4T,4.55,775.0,6T,61.66,763.0,6,262.8,793.0,Olympics,1972-09-07,Munich
194,2,Leonid Lytvynenko,23.0,Soviet Union,7970.0,18,11.13,832,27T,6.81,769.0,16,14.18,739,16T,1.89,705,6,48.4,890.0,8,15.03,846.0,2,47.84,826,9T,4.4,731.0,11,58.94,722.0,1,245.9,910.0,Olympics,1972-09-07,Munich
195,3,Ryszard Katus,25.0,Poland,7936.0,7,10.89,885,15,7.09,835.0,11,14.39,752,11T,1.92,731,12,49.11,856.0,2,14.41,922.0,13,43.0,726,6T,4.5,760.0,10,59.96,737.0,10,271.9,732.0,Olympics,1972-09-07,Munich
196,4,Jeff Bennett,23.0,United States,7920.0,3,10.73,922,8,7.26,876.0,28,12.82,656,21T,1.86,679,2,46.25,996.0,15,15.58,781.0,24,36.58,595,1T,4.8,849.0,14,57.48,700.0,2,252.2,866.0,Olympics,1972-09-07,Munich
197,5,Stefan Schreyer,25.0,East Germany,7907.0,6,10.82,901,3,7.44,920.0,4,15.02,791,11T,1.92,731,16T,49.51,837.0,6,15.0,849.0,10,45.08,768,9T,4.4,731.0,9,60.7,748.0,18,288.2,630.0,Olympics,1972-09-07,Munich
198,6,Freddy Herbrand,28.0,Belgium,7897.0,10T,11.0,861,6,7.3,886.0,18,13.91,723,3T,2.04,840,19,49.78,825.0,5,14.87,865.0,3,47.12,811,9T,4.4,731.0,21,50.42,595.0,8,267.7,760.0,Olympics,1972-09-07,Munich
199,7,Steen Smidt-Jensen,27.0,Denmark,7907.999999999999,12,11.07,845,18,6.95,802.0,24,13.35,689,5T,2.01,813,23,50.13,809.0,3,14.65,892.0,11,44.8,763,1T,4.8,849.0,18,55.24,666.0,7,264.7,780.0,Olympics,1972-09-07,Munich
200,8,Tadeusz Janczenko,26.0,Poland,7789.0,1,10.64,942,7,7.28,881.0,7,14.45,756,3T,2.04,840,11,49.06,858.0,25,16.89,636.0,8,45.26,772,6T,4.5,760.0,5,63.8,795.0,21,301.5,551.0,Olympics,1972-09-07,Munich
201,9,Sepp Zeilbauer,19.0,Austria,7694.0,9,10.97,867,12T,7.16,852.0,23,13.49,697,5T,2.01,813,9,48.77,872.0,9T,15.13,834.0,18,40.84,682,13T,4.3,702.0,4,64.46,805.0,19,298.2,570.0,Olympics,1972-09-07,Munich
202,10,Bruce Jenner,22.0,United States,7671.0,24T,11.35,784,30,6.53,704.0,22,13.56,701,11T,1.92,731,15,49.49,838.0,16,15.59,780.0,14,42.24,710,4T,4.55,775.0,2,66.02,829.0,4,258.9,819.0,Olympics,1972-09-07,Munich
203,11,RÃ©gis GhesquiÃ¨re,23.0,Belgium,7611.000000000001,27,11.45,763,9,7.21,864.0,13,14.32,748,16T,1.89,705,13,49.13,855.0,17,15.68,769.0,7,45.56,778,20,3.8,562.0,8,60.88,751.0,5,259.4,816.0,Olympics,1972-09-07,Munich
204,12,Yves Le Roy,21.0,France,7632.999999999999,8,10.94,874,5,7.32,891.0,19,13.9,722,25T,1.8,627,8,48.73,874.0,12,15.34,809.0,12,44.04,747,6T,4.5,760.0,6T,61.66,763.0,20,298.9,566.0,Olympics,1972-09-07,Munich
205,13,Boris Ivanov,24.0,Soviet Union,7606.0,20,11.24,808,29,6.59,718.0,6,14.47,757,11T,1.92,731,24,50.18,806.0,4,14.76,879.0,16,41.58,697,13T,4.3,702.0,3,64.84,811.0,11T,277.4,697.0,Olympics,1972-09-07,Munich
206,14,Roger Lespagnard,25.0,Belgium,7441.0,21,11.27,801,17,7.01,816.0,27,12.92,662,5T,2.01,813,16T,49.51,837.0,20,15.84,751.0,22,37.86,621,3,4.6,790.0,20,50.6,597.0,9,268.7,753.0,Olympics,1972-09-07,Munich
207,15,Barry King,27.0,Great Britain,7382.000000000001,22,11.32,791,16,7.06,828.0,3,15.29,808,16T,1.89,705,22,50.05,812.0,24,16.61,666.0,5,46.06,789,19,3.9,590.0,12,57.74,704.0,13T,278.6,689.0,Olympics,1972-09-07,Munich
208,16,Radu GavrilaÈ,20.0,Romania,7357.0,30,11.57,738,23,6.9,790.0,29,12.65,646,5T,2.01,813,26,50.9,774.0,9T,15.13,834.0,19,40.52,675,9T,4.4,731.0,15,57.16,695.0,16,283.1,661.0,Olympics,1972-09-07,Munich
209,17,Vijay Singh Chauhan,23.0,India,7306.0,24T,11.35,784,20T,6.92,795.0,9T,14.42,754,25T,1.8,627,20,49.89,820.0,7,15.01,848.0,9,45.18,771,21,3.7,535.0,17,56.34,683.0,13T,278.6,689.0,Olympics,1972-09-07,Munich
210,18,Jean-Pierre Schoebel,23.0,France,7217.000000000001,15T,11.11,836,24T,6.89,788.0,20,13.79,715,30,1.6,464,14,49.23,850.0,11,15.3,814.0,17,41.14,688,15,4.2,673.0,13,57.54,701.0,15,278.8,688.0,Olympics,1972-09-07,Munich
211,19,Heinz Born,24.0,Switzerland,7121.0,24T,11.35,784,20T,6.92,795.0,26,13.06,671,9T,1.98,785,21,50.01,814.0,13,15.39,803.0,20,39.34,651,16T,4.0,617.0,22,48.72,570.0,17,287.9,631.0,Olympics,1972-09-07,Munich
212,20,JÃ³zsef Bakai,30.0,Hungary,6831.0,13,11.08,843,12T,7.16,852.0,2,15.84,841,16T,1.89,705,25,50.88,774.0,23,16.5,677.0,1,51.46,901,16T,4.0,617.0,19,52.18,621.0,AC,,0.0,Olympics,1972-09-07,Munich
213,21,Jeff Bannister,26.0,United States,6947.0,14,11.09,841,10,7.2,862.0,15,14.21,741,21T,1.86,679,3,46.79,969.0,AC,,0.0,15,42.0,705,16T,4.0,617.0,16,56.98,693.0,3,255.8,840.0,Olympics,1972-09-07,Munich
214,22,Wilfred Mwalawanda,27.0,Malawi,6154.0,33,11.95,661,33,5.68,519.0,30T,12.27,623,29,1.65,504,29,52.68,695.0,27,18.54,474.0,21,38.82,641,23,3.3,431.0,1,71.28,909.0,11T,277.4,697.0,Olympics,1972-09-07,Munich
215,1,Bruce Jenner,26.0,United States,8634.0,8T,10.94,874,8,7.22,866.0,2,15.35,811,2T,2.03,831,2,47.51,933.0,7,14.84,869.0,1,50.04,871,2T,4.8,849.0,4,68.52,867.0,2,252.61,863.0,Olympics,1976-07-29,Montreal
216,2,Guido Kratschmer,23.0,West Germany,8407.0,1,10.66,938,2,7.39,908.0,7,14.74,774,2T,2.03,831,8,48.19,900.0,3,14.58,901.0,6,45.7,781,5T,4.6,790.0,6,66.32,833.0,10,269.09,751.0,Olympics,1976-07-29,Montreal
217,3,Mykola Avilov,27.0,Soviet Union,8378.0,20,11.23,810,1,7.52,940.0,6,14.81,778,1,2.14,934,7,48.16,901.0,1,14.2,949.0,7,45.6,779,9,4.45,746.0,9,62.28,772.0,5,266.26,769.0,Olympics,1976-07-29,Montreal
218,4,Raimo Pihl,26.0,Sweden,8217.0,7,10.93,876,16T,6.99,811.0,1,15.55,824,6T,2.0,803,5,47.97,911.0,22,15.81,754.0,10,44.3,752,10T,4.4,731.0,2,77.34,1002.0,9,268.76,753.0,Olympics,1976-07-29,Montreal
219,5,Ryszard Skowronek,27.0,Poland,8099.0,10T,11.02,856,6,7.26,876.0,15,13.74,712,13T,1.91,723,4,47.91,913.0,5,14.75,880.0,9,45.34,774,2T,4.8,849.0,10,62.22,771.0,12,269.89,745.0,Olympics,1976-07-29,Montreal
220,6,Siegfried Stark,21.0,East Germany,8051.0,22,11.35,784,18,6.98,809.0,3,15.08,795,13T,1.91,723,13,49.14,855.0,19,15.65,773.0,8,45.48,777,4,4.65,804.0,3,74.18,953.0,4,264.93,778.0,Olympics,1976-07-29,Montreal
221,7,Leonid Lytvynenko,27.0,Soviet Union,7962.999999999999,16,11.12,834,22,6.92,795.0,10,14.2,741,13T,1.91,723,10,48.44,888.0,4,14.71,885.0,4,46.26,793,5T,4.6,790.0,16,53.66,643.0,1,251.41,871.0,Olympics,1976-07-29,Montreal
222,8,Lennart Hedmark,32.0,Sweden,8002.000000000001,23,11.36,782,13,7.09,835.0,4,15.0,790,13T,1.91,723,17,49.8,824.0,6,14.79,875.0,3,46.42,796,12T,4.3,702.0,1,78.58,1020.9999999999999,19,284.28,654.0,Olympics,1976-07-29,Montreal
223,9,Aleksandr Grebenyuk,25.0,Soviet Union,7758.999999999999,15,11.1,838,26,6.53,704.0,8,14.69,771,8,1.97,776,14,49.21,851.0,12,15.05,843.0,2,47.16,811,19T,4.0,617.0,5,68.42,865.0,16,279.62,683.0,Olympics,1976-07-29,Montreal
224,10,Claus Marek,22.0,West Germany,7683.0,4,10.81,903,7,7.23,869.0,22,13.42,693,13T,1.91,723,1,47.12,952.0,14,15.19,827.0,24,38.4,632,12T,4.3,702.0,18,52.32,623.0,8,267.84,759.0,Olympics,1976-07-29,Montreal
225,11,Johannes Lahti,24.0,Finland,7650.0,6,10.89,885,4,7.28,881.0,16,13.66,708,6T,2.0,803,15,49.34,845.0,17,15.31,812.0,23,38.52,635,15T,4.2,673.0,11,61.72,764.0,20,285.9,644.0,Olympics,1976-07-29,Montreal
226,12,Ryszard Katus,29.0,Poland,7568.0,12,11.06,847,15,7.04,823.0,20T,13.48,697,24T,1.84,661,18,49.87,821.0,2,14.51,910.0,13,42.28,711,8,4.5,760.0,13,57.54,701.0,21,287.0,637.0,Olympics,1976-07-29,Montreal
227,13,LudÄk Pernica,26.0,Czechoslovakia,7535.0,25,11.4,774,19,6.97,807.0,17,13.58,703,9T,1.94,749,24,50.37,798.0,13,15.07,841.0,18,40.22,669,10T,4.4,731.0,15,55.26,667.0,3,262.3,796.0,Olympics,1976-07-29,Montreal
228,14,Philippe Bobin,21.0,France,7532.0,13,11.07,845,10T,7.14,847.0,12,14.12,736,13T,1.91,723,16,49.79,824.0,11,14.96,854.0,20,39.84,661,1,4.9,880.0,20,50.74,600.0,23,299.65,562.0,Olympics,1976-07-29,Montreal
229,15,Fred Samara,26.0,United States,7430.0,5,10.85,894,14,7.08,833.0,25,13.0,667,24T,1.84,661,19,50.07,811.0,8T,14.87,865.0,16,40.54,676,12T,4.3,702.0,17,53.6,642.0,17,280.21,679.0,Olympics,1976-07-29,Montreal
230,16,Georg Werthner,20.0,Austria,7443.0,21,11.31,793,10T,7.14,847.0,19,13.49,697,21T,1.88,696,20,50.08,811.0,16,15.26,818.0,26,35.58,575,18,4.1,645.0,8,64.08,799.0,6,267.43,762.0,Olympics,1976-07-29,Montreal
231,17,Gilles GÃ©mise-Fareau,22.0,France,7422.999999999999,17,11.15,827,24,6.74,753.0,26,12.1,612,9T,1.94,749,21,50.09,810.0,10,14.89,863.0,19,40.12,667,5T,4.6,790.0,19,52.04,619.0,13,271.81,733.0,Olympics,1976-07-29,Montreal
232,18,Daley Thompson,17.0,Great Britain,7330.0,3,10.79,908,9,7.19,859.0,24,13.1,673,13T,1.91,723,6,48.15,902.0,24,15.98,735.0,25,36.36,591,15T,4.2,673.0,23,45.18,518.0,11,269.55,748.0,Olympics,1976-07-29,Montreal
233,19,Roger Lespagnard,29.0,Belgium,7221.0,19,11.21,814,21,6.93,797.0,23,13.24,682,9T,1.94,749,12,48.99,862.0,20,15.67,770.0,22,38.64,637,15T,4.2,673.0,22,46.4,536.0,14,276.67,701.0,Olympics,1976-07-29,Montreal
234,20,Runald Beckman,25.0,Sweden,7229.0,10T,11.02,856,20,6.95,802.0,18,13.54,700,21T,1.88,696,25,50.66,784.0,18,15.62,776.0,12,42.4,713,19T,4.0,617.0,12,58.14,710.0,22,297.28,575.0,Olympics,1976-07-29,Montreal
235,21,Eberhard Stroot,25.0,West Germany,7202.000000000001,2,10.75,917,3,7.38,905.0,20T,13.48,697,21T,1.88,696,3,47.61,928.0,15,15.23,822.0,21,39.82,661,AC,,0.0,7,65.1,815.0,7,267.48,761.0,Olympics,1976-07-29,Montreal
236,22,Tito Steiner,24.0,Argentina,6942.0,24,11.37,780,25,6.73,750.0,14,13.85,719,24T,1.84,661,22,50.3,801.0,23,15.82,753.0,17,40.26,670,21,3.8,562.0,21,49.74,585.0,18,283.16,661.0,Olympics,1976-07-29,Montreal
237,23,Fred Dixon,26.0,United States,6808.0,8T,10.94,874,23,6.91,792.0,9,14.44,755,2T,2.03,831,9,48.38,891.0,26,18.11,514.0,5,45.82,784,AC,,0.0,14,55.96,677.0,15,278.49,690.0,Olympics,1976-07-29,Montreal
238,1,Bryan Clay,28.0,United States,8791.0,1,10.44,989,1,7.78,1005.0,2,16.27,868,11T,1.99,794,10,48.92,865.0,2,13.93,984.0,1,53.79,950,3T,5.0,910.0,3,70.97,904.0,23,306.59,522.0,Olympics,2008-08-21,Beijing
239,2,Andrey Kravchenko,22.0,Belarus,8551.0,12,10.96,870,5,7.61,962.0,18,14.39,752,1T,2.11,906,2,47.3,943.0,7T,14.21,948.0,17,44.58,758,3T,5.0,910.0,16,60.23,741.0,2,267.47,761.0,Olympics,2008-08-21,Beijing
240,3,Leonel SuÃ¡rez,20.0,Cuba,8527.0,9T,10.9,883,10,7.33,893.0,17,14.49,758,6T,2.05,850,5,47.91,913.0,5,14.15,955.0,19,44.45,756,12T,4.7,819.0,1,73.98,950.0,4,269.17,750.0,Olympics,2008-08-21,Beijing
241,4,Aleksandr Pogorelov,28.0,Russia,8328.0,18,11.07,845,9,7.37,903.0,1,16.53,884,5,2.08,878,27,50.91,773.0,14,14.47,915.0,4,50.04,871,3T,5.0,910.0,9,64.01,798.0,22,301.56,551.0,Olympics,2008-08-21,Beijing
242,5,Romain Barras,28.0,France,8253.0,29,11.26,804,19T,7.08,833.0,7T,15.42,816,18T,1.96,767,15,49.51,837.0,7T,14.21,948.0,15,45.17,770,3T,5.0,910.0,7,65.4,819.0,5,269.29,749.0,Olympics,2008-08-21,Beijing
243,6,Roman Å ebrle,33.0,Czech Republic,8241.0,27T,11.21,814,4,7.68,980.0,16,14.78,776,1T,2.11,906,16,49.54,836.0,21T,14.71,885.0,12,45.5,777,8T,4.8,849.0,10,63.93,797.0,19,289.63,621.0,Olympics,2008-08-21,Beijing
244,7,Oleksiy Kasianov,22.0,Ukraine,8238.0,3,10.53,968,6,7.56,950.0,9,15.15,799,18T,1.96,767,3,47.7,924.0,12T,14.37,927.0,6,48.39,837,19T,4.3,702.0,21,51.59,612.0,3,268.94,752.0,Olympics,2008-08-21,Beijing
245,8,AndrÃ© Niklaus,26.0,Germany,8220.0,19T,11.12,834,11T,7.29,883.0,33,13.23,681,6T,2.05,850,17,49.65,831.0,12T,14.37,927.0,13,45.39,775,1,5.2,972.0,17,60.21,741.0,8,272.9,726.0,Olympics,2008-08-21,Beijing
246,9,Maurice Smith,27.0,Jamaica,8205.0,7,10.85,894,23T,7.04,823.0,10,15.09,795,11T,1.99,794,6,47.96,911.0,4,14.08,964.0,2,50.91,889,17T,4.6,790.0,22,51.52,611.0,7,271.62,734.0,Olympics,2008-08-21,Beijing
247,10,Michael Schrader,21.0,Germany,8194.0,6,10.8,906,3,7.7,985.0,26,13.67,708,11T,1.99,794,7,48.47,886.0,21T,14.71,885.0,23,40.41,673,8T,4.8,849.0,15,60.27,742.0,1,266.77,766.0,Olympics,2008-08-21,Beijing
248,11,Mikk Pahapill,25.0,Estonia,8178.000000000001,22T,11.15,827,23T,7.04,823.0,19,14.36,750,1T,2.11,906,26,50.9,774.0,15,14.51,910.0,5,49.35,857,8T,4.8,849.0,5,67.07,845.0,17,287.03,637.0,Olympics,2008-08-21,Beijing
249,12,Aleksey Drozdov,24.0,Russia,8154.0,15,11.02,856,15,7.23,869.0,3,16.26,867,10,2.02,822,28,51.56,744.0,27,15.51,789.0,8,47.43,817,2,5.1,941.0,12,62.57,777.0,13,281.34000000000003,672.0,Olympics,2008-08-21,Beijing
250,13,Andres Raja,26.0,Estonia,8118.0,8,10.89,885,11T,7.29,883.0,15,14.79,777,18T,1.96,767,11,48.98,862.0,3,14.06,967.0,26,39.83,661,8T,4.8,849.0,4,67.16,846.0,18,289.6,621.0,Olympics,2008-08-21,Beijing
251,14,EugÃ¨ne Martineau,28.0,Netherlands,8055.0,26,11.19,819,17,7.19,859.0,24,13.78,715,11T,1.99,794,19,49.99,815.0,23,14.73,882.0,20,44.09,748,12T,4.7,819.0,2,71.44,911.0,10,277.96,693.0,Olympics,2008-08-21,Beijing
252,15,Yordanis GarcÃ­a,19.0,Cuba,7992.0,4,10.64,942,21,7.07,830.0,5,15.82,840,18T,1.96,767,18,49.66,830.0,1,13.9,987.0,29,36.73,598,12T,4.7,819.0,6,65.6,822.0,21,300.49,557.0,Olympics,2008-08-21,Beijing
253,16,Nikolay Shubyonok,23.0,Belarus,7906.0,32,11.31,793,30,6.86,781.0,12,14.88,782,11T,1.99,794,20,50.02,814.0,16,14.52,908.0,11,45.8,783,17T,4.6,790.0,14,62.1,769.0,11,278.14,692.0,Olympics,2008-08-21,Beijing
254,17,Aleksandr Parkhomenko,27.0,Belarus,7838.0,31,11.29,797,26,6.99,811.0,6,15.49,820,23T,1.93,740,23T,50.71,782.0,25,15.06,842.0,14,45.27,772,12T,4.7,819.0,8,64.6,807.0,16,285.17,648.0,Olympics,2008-08-21,Beijing
255,18,Qi Haifeng,24.0,China,7835.0,22T,11.15,827,16,7.22,866.0,32,13.4,692,23T,1.93,740,14,49.39,843.0,17,14.6,899.0,9,46.46,797,19T,4.3,702.0,11,63.09,784.0,12,279.32,685.0,Olympics,2008-08-21,Beijing
256,19,Massimo Bertocchi,22.0,Canada,7714.0,14,11.0,861,22,7.05,826.0,21,14.1,734,28T,1.9,714,9,48.72,875.0,11,14.32,934.0,16,44.91,765,12T,4.7,819.0,25,45.33,520.0,14,282.26,666.0,Olympics,2008-08-21,Beijing
257,20,Jangy Addy,23.0,Liberia,7665.0,5,10.76,915,8,7.38,905.0,11,14.91,784,23T,1.93,740,8,48.51,885.0,10,14.31,935.0,22,42.3,711,21,4.2,673.0,20,52.5,626.0,25,312.22,491.0,Olympics,2008-08-21,Beijing
258,21,Daniel Awde,20.0,Great Britain,7516.0,17,11.06,847,18,7.12,842.0,36,12.03,608,36,1.78,610,1,47.16,950.0,20,14.69,887.0,28,37.12,606,7,4.9,880.0,19,53.18,636.0,15,284.8,650.0,Olympics,2008-08-21,Beijing
259,22,Hadi Sepehrzad,25.0,Iran,7483.0,11,10.92,878,32,6.8,767.0,4,16.02,852,28T,1.9,714,25,50.75,780.0,19,14.64,894.0,3,50.32,877,22T,4.0,617.0,23,49.56,582.0,24,306.67,522.0,Olympics,2008-08-21,Beijing
260,23,Damjan Sitar,26.0,Slovenia,7336.0,27T,11.21,814,14,7.25,874.0,35,12.41,631,6T,2.05,850,21,50.1,810.0,24,15.03,846.0,27,39.25,649,22T,4.0,617.0,24,47.23,548.0,9,277.37,697.0,Olympics,2008-08-21,Beijing
261,24,Slaven DizdareviÄ,27.0,Slovakia,7021.0,24,11.16,825,25,7.02,818.0,23,13.97,727,18T,1.96,767,31,52.02,724.0,28,15.61,777.0,25,39.86,662,22T,4.0,617.0,26,43.58,494.0,20,291.42,610.0,Olympics,2008-08-21,Beijing
262,25,David GÃ³mez,27.0,Spain,6876.0,19T,11.12,834,31,6.85,778.0,27,13.58,703,34T,1.81,636,13,49.27,849.0,18,14.61,897.0,24,40.17,668,AC,,0.0,13,62.22,771.0,6,270.74,740.0,Olympics,2008-08-21,Beijing
263,26,Mikko Halvari,25.0,Finland,6486.0,25,11.18,821,29,6.88,785.0,25,13.72,711,23T,1.93,740,22,50.6,787.0,29,16.25,705.0,7,47.71,823,AC,,0.0,18,55.11,665.0,26,320.26,449.0,Olympics,2008-08-21,Beijing
264,1,Ashton Eaton,24.0,United States,8869.0,1,10.35,1011,1,8.03,1068.0,11,14.66,769,2T,2.05,850,1,46.9,963.0,2,13.56,1032.0,22,42.53,716,3,5.2,972.0,9,61.96,767.0,7,273.59000000000003,721.0,Olympics,2012-08-08,London
265,2,Trey Hardee,28.0,United States,8671.0,2,10.42,994,6,7.53,942.0,5,15.28,807,10T,1.99,794,3,48.11,904.0,1,13.54,1035.0,3,48.26,834,8T,4.8,849.0,3,66.65,838.0,18,280.94,674.0,Olympics,2012-08-08,London
266,3,Leonel SuÃ¡rez,24.0,Cuba,8523.0,26,11.27,801,8,7.52,940.0,12,14.5,759,1,2.11,906,14,49.04,859.0,15,14.45,917.0,11,45.75,782,10T,4.7,819.0,1,76.94,996.0,5,270.08,744.0,Olympics,2012-08-08,London
267,4,Hans Van Alphen,30.0,Belgium,8447.0,19,11.05,850,2,7.64,970.0,3,15.48,819,2T,2.05,850,15,49.18,853.0,20,14.89,863.0,2,48.28,835,8T,4.8,849.0,10,61.69,763.0,1,262.5,795.0,Olympics,2012-08-08,London
268,5,Damian Warner,22.0,Canada,8442.0,3,10.48,980,5,7.54,945.0,24,13.73,712,2T,2.05,850,4,48.2,899.0,11,14.38,926.0,10,45.9,785,10T,4.7,819.0,7,62.77,780.0,4,269.85,746.0,Olympics,2012-08-08,London
269,6,Rico Freimuth,24.0,Germany,8320.0,5,10.65,940,14T,7.21,864.0,9,14.87,782,27T,1.9,714,2,48.06,906.0,3,13.89,989.0,1,49.11,852,6T,4.9,880.0,16,57.37,698.0,12,277.62,695.0,Olympics,2012-08-08,London
270,7,Oleksiy Kasianov,26.0,Ukraine,8283.0,4,10.56,961,4,7.55,947.0,15,14.45,756,10T,1.99,794,7,48.44,888.0,4,14.09,963.0,5,46.72,802,15T,4.6,790.0,21,54.87,661.0,8,273.68,721.0,Olympics,2012-08-08,London
271,8,Sergey Sviridov,21.0,Russia,8219.0,9,10.78,910,9,7.45,922.0,16,14.42,754,10T,1.99,794,13,48.91,866.0,25,15.42,799.0,4,47.43,817,15T,4.6,790.0,2,68.42,865.0,10,276.63,702.0,Olympics,2012-08-08,London
272,9,Willem Coertzen,29.0,South Africa,8173.0,21,11.09,841,16T,7.17,854.0,21,13.79,715,2T,2.05,850,8,48.56,882.0,6T,14.15,955.0,19,43.58,738,20T,4.5,760.0,6,64.79,810.0,3,266.52,768.0,Olympics,2012-08-08,London
273,10,Pascal Behrenbruch,27.0,Germany,8126.0,20,11.06,847,19,7.15,850.0,2,15.67,831,16T,1.96,767,20,50.04,813.0,10,14.33,932.0,17,44.71,761,10T,4.7,819.0,5,64.8,810.0,11,277.46,696.0,Olympics,2012-08-08,London
274,11,Eelco Sintnicolaas,25.0,Netherlands,8034.0,11,10.85,894,10,7.37,903.0,17,14.18,739,21T,1.93,740,12,48.85,868.0,14,14.43,920.0,27,32.26,509,2,5.3,1004.0,15,58.82,720.0,6,271.17,737.0,Olympics,2012-08-08,London
275,12,Brent Newdick,27.0,New Zealand,7988.0,22,11.1,838,11,7.36,900.0,7,15.09,795,16T,1.96,767,23,50.22,804.0,22,15.02,847.0,8,46.15,791,10T,4.7,819.0,13,59.82,735.0,15,278.2,692.0,Olympics,2012-08-08,London
276,13,Gonzalo Barroilhet,25.0,Chile,7972.0,25,11.18,821,28,6.8,767.0,13,14.49,758,2T,2.05,850,27,51.07,766.0,5,14.12,959.0,25,41.27,690,1,5.4,1035.0,18,57.25,697.0,20,288.23,629.0,Olympics,2012-08-08,London
277,14,Yordanis GarcÃ­a,23.0,Cuba,7956.0,10,10.8,906,29,6.75,755.0,14,14.48,758,10T,1.99,794,10T,48.76,873.0,9,14.24,944.0,23,42.27,711,15T,4.6,790.0,12,59.85,736.0,16,278.57,689.0,Olympics,2012-08-08,London
278,15,KÃ©vin Mayer,20.0,France,7952.0,27T,11.32,791,16T,7.17,854.0,19,14.05,731,2T,2.05,850,10T,48.76,873.0,27,15.59,780.0,26,41.2,689,10T,4.7,819.0,8,62.41,774.0,2,263.02,791.0,Olympics,2012-08-08,London
279,16,Ilya Shkurenyov,21.0,Russia,7948.0,18,11.01,858,13,7.25,874.0,29,12.89,661,9,2.02,822,17,49.81,823.0,12,14.39,925.0,21,43.51,736,4T,5.1,941.0,22,53.81,645.0,19,282.8,663.0,Olympics,2012-08-08,London
280,17,Eduard Mikhan,23.0,Belarus,7928.0,8,10.74,919,24,6.94,799.0,10,14.75,774,21T,1.93,740,6,48.42,889.0,6T,14.15,955.0,18,44.42,755,23T,4.4,731.0,20,55.69,673.0,13,278.06,693.0,Olympics,2012-08-08,London
281,18,Dmitry Karpov,31.0,Kazakhstan,7926.0,14,10.91,881,14T,7.21,864.0,1,16.47,880,10T,1.99,794,18,49.83,822.0,13,14.4,924.0,15,44.93,765,4T,5.1,941.0,26,49.93,588.0,26,316.83,467.0,Olympics,2012-08-08,London
282,19,Luiz Alberto AraÃºjo,25.0,Brazil,7849.0,6,10.7,929,18,7.16,852.0,26,13.52,699,21T,1.93,740,5,48.25,897.0,18,14.79,875.0,16,44.76,762,15T,4.6,790.0,23,51.59,612.0,14,278.04,693.0,Olympics,2012-08-08,London
283,20,Keisuke Ushiro,26.0,Japan,7842.0,27T,11.32,791,26,6.86,781.0,25,13.59,703,10T,1.99,794,25,50.78,779.0,26,15.47,794.0,6,46.66,801,6T,4.9,880.0,4,66.38,834.0,17,279.33,685.0,Olympics,2012-08-08,London
284,21,Ingmar Vos,26.0,Netherlands,7805.0,16,10.98,865,12,7.27,878.0,22,13.77,714,16T,1.96,767,16,49.62,832.0,16,14.61,897.0,24,42.26,711,20T,4.5,760.0,11,61.6,762.0,21,290.01,619.0,Olympics,2012-08-08,London
285,22,Edgars EriÅÅ¡,26.0,Latvia,7649.0,17,10.99,863,22,6.98,809.0,27,13.45,695,21T,1.93,740,24,50.62,786.0,24,15.22,823.0,14,45.1,769,20T,4.5,760.0,17,57.35,698.0,9,275.88,706.0,Olympics,2012-08-08,London
286,23,Jangy Addy,27.0,Liberia,7586.0,12,10.89,885,25,6.9,790.0,8,14.97,788,21T,1.93,740,9,48.64,878.0,8,14.23,945.0,12,45.61,779,26T,4.2,673.0,24,50.36,594.0,24,308.14,514.0,Olympics,2012-08-08,London
287,24,Attila SzabÃ³,28.0,Hungary,7581.0,24,11.15,827,23,6.96,804.0,20,13.93,724,27T,1.9,714,26,50.83,777.0,21,14.92,859.0,13,45.14,770,15T,4.6,790.0,14,58.84,720.0,22,293.81,596.0,Olympics,2012-08-08,London
288,25,Darius Draudvila,29.0,Lithuania,7557.0,15,10.95,872,20,7.12,842.0,6,15.17,800,16T,1.96,767,21,50.13,809.0,19,14.87,865.0,7,46.43,796,26T,4.2,673.0,25,50.16,591.0,23,303.14,542.0,Olympics,2012-08-08,London
289,26,Rifat Artikov,29.0,Uzbekistan,7203.0,29,11.37,780,30,6.41,677.0,18,14.11,735,21T,1.93,740,28,51.91,729.0,17,14.74,881.0,20,43.53,737,23T,4.4,731.0,19,56.62,687.0,25,309.52,506.0,Olympics,2012-08-08,London
290,1,Ashton Eaton,28.0,United States,8893.0,2,10.46,985,1,7.94,1045.0,10,14.73,773,14T,2.01,813,1,46.07,1005.0,2,13.8,1000.0,8,45.49,777,3T,5.2,972.0,18,59.77,734.0,4,263.33,789.0,Olympics,2016-08-17,Rio de Janeiro
291,2,KÃ©vin Mayer,24.0,France,8834.0,9T,10.81,903,5,7.6,960.0,1,15.76,836,10T,2.04,840,8,48.28,896.0,3,14.02,972.0,6,46.78,804,1T,5.4,1035.0,6,65.04,814.0,6,265.49,774.0,Olympics,2016-08-17,Rio de Janeiro
292,3,Damian Warner,26.0,Canada,8666.0,1,10.3,1023,3,7.67,977.0,23,13.66,708,10T,2.04,840,3,47.35,941.0,1,13.58,1029.0,11,44.93,765,15T,4.7,819.0,11,63.19,786.0,5,264.9,778.0,Olympics,2016-08-17,Rio de Janeiro
293,4,Kai Kazmirek,25.0,Germany,8580.0,7T,10.78,910,2,7.69,982.0,15,14.2,741,5T,2.1,896,2,46.75,971.0,15,14.62,896.0,17,43.25,731,8T,5.0,910.0,8,64.6,807.0,9,271.25,736.0,Olympics,2016-08-17,Rio de Janeiro
294,5,Larbi Bourrada,28.0,Algeria,8521.0,5,10.75,917,8,7.52,940.0,21,13.78,715,6,2.1,896,4,47.98,910.0,5,14.15,955.0,19,42.39,713,18T,4.6,790.0,5,66.49,836.0,1,254.6,849.0,Olympics,2016-08-17,Rio de Janeiro
295,6,Leonel SuÃ¡rez,28.0,Cuba,8460.0,28,11.21,814,19T,7.14,847.0,13,14.27,745,8T,2.07,868,5,48.15,902.0,12,14.48,913.0,5,47.07,810,10T,4.9,880.0,1,72.32,925.0,7,268.32,756.0,Olympics,2016-08-17,Rio de Janeiro
296,7,Zach Ziemek,23.0,United States,8392.0,3,10.71,926,9,7.49,932.0,25,13.44,694,5T,2.1,896,21,49.83,822.0,17,14.77,878.0,3,49.42,858,3T,5.2,972.0,15,60.92,752.0,18,282.97,662.0,Olympics,2016-08-17,Rio de Janeiro
297,8,Thomas Van der Plaetsen,25.0,Belgium,8332.0,29,11.24,808,4,7.66,975.0,28,12.84,657,2,2.16,953,19,49.63,832.0,22,15.01,848.0,15,43.58,738,1T,5.4,1035.0,12,62.09,769.0,13,274.21,717.0,Olympics,2016-08-17,Rio de Janeiro
298,9,Kurt Felix,28.0,Grenada,8323.0,19,10.93,876,13,7.42,915.0,9,14.77,776,8T,2.07,868,15,49.14,855.0,18,14.79,875.0,9T,45.1,769,20T,4.5,760.0,2,69.92,888.0,8,270.53,741.0,Olympics,2016-08-17,Rio de Janeiro
299,10,Luiz Alberto AraÃºjo,29.0,Brazil,8315.0,6,10.77,912,10,7.48,930.0,3,15.26,806,25T,1.92,731,6,48.14,902.0,6,14.17,953.0,9T,45.1,769,10T,4.9,880.0,19,57.28,697.0,10,271.46,735.0,Olympics,2016-08-17,Rio de Janeiro
300,11,Jeremy Taiwo,26.0,United States,8300.0,20,11.01,858,12,7.45,922.0,6,14.92,785,1,2.19,982,12,48.78,872.0,13T,14.57,902.0,22,39.91,663,8T,5.0,910.0,23,51.29,608.0,3,261.96,798.0,Olympics,2016-08-17,Rio de Janeiro
301,12,Adam Helcelet,24.0,Czech Republic,8291.0,23,11.06,847,14,7.35,898.0,4,15.11,796,10T,2.04,840,18,49.51,837.0,10,14.37,927.0,14,44.13,749,15T,4.7,819.0,3,68.2,862.0,14,274.41,716.0,Olympics,2016-08-17,Rio de Janeiro
302,13,Bastien Auzeil,26.0,France,8064.0,27,11.17,823,23,7.07,830.0,2,15.41,815,19T,1.98,785,17,49.34,845.0,19,14.82,871.0,20,42.23,710,6T,5.1,941.0,13,61.91,767.0,16,280.5,677.0,Olympics,2016-08-17,Rio de Janeiro
303,14,Cedric Dubler,21.0,Australia,8024.0,15,10.86,892,11,7.47,927.0,30,11.49,575,3T,2.13,925,7,48.18,900.0,8,14.3,936.0,23,38.89,642,10T,4.9,880.0,22,51.82,616.0,11,272.12,731.0,Olympics,2016-08-17,Rio de Janeiro
304,15,Arthur Abele,30.0,Germany,8013.0,16T,10.87,890,27,6.97,807.0,5,15.03,792,19T,1.98,785,14,49.02,860.0,4,14.12,959.0,12,44.66,760,20T,4.5,760.0,9,64.13,800.0,24,293.07,600.0,Olympics,2016-08-17,Rio de Janeiro
305,16,Lindon Victor,23.0,Grenada,7998.0,12T,10.83,899,22,7.11,840.0,8,14.8,777,19T,1.98,785,20,49.8,824.0,26,15.74,762.0,1,53.24,938,25,4.4,731.0,10,63.54,791.0,19,284.73,651.0,Olympics,2016-08-17,Rio de Janeiro
306,17,Pau Tonnesen,23.0,Spain,7982.0,32,11.32,791,15T,7.33,893.0,22,13.69,709,14T,2.01,813,26,50.81,778.0,21,14.99,851.0,7,46.31,794,3T,5.2,972.0,17,60.15,740.0,21,286.27,641.0,Olympics,2016-08-17,Rio de Janeiro
307,18,Yordanis GarcÃ­a,27.0,Cuba,7961.0,9T,10.81,903,28T,6.83,774.0,11,14.58,764,14T,2.01,813,11,48.69,876.0,7,14.25,942.0,21,40.34,671,20T,4.5,760.0,7,64.7,809.0,20,284.99,649.0,Olympics,2016-08-17,Rio de Janeiro
308,19,Dominik Distelberger,26.0,Austria,7954.0,14,10.84,897,15T,7.33,893.0,26,13.4,692,27,1.89,705,10,48.61,880.0,11,14.39,925.0,24,38.09,626,14,4.8,849.0,14,61.83,765.0,12,273.47,722.0,Olympics,2016-08-17,Rio de Janeiro
309,20,Keisuke Ushiro,30.0,Japan,7952.0,31,11.3,795,28T,6.83,774.0,17,14.14,737,19T,1.98,785,25,50.43,795.0,24T,15.09,839.0,2,49.9,868,10T,4.9,880.0,4,66.63,838.0,22,286.33,641.0,Olympics,2016-08-17,Rio de Janeiro
310,21,PaweÅ WiesioÅek,24.0,Poland,7784.0,18,10.88,888,30,6.73,750.0,16,14.17,739,14T,2.01,813,23,50.18,806.0,24T,15.09,839.0,4,48.32,835,20T,4.5,760.0,21,56.68,688.0,17,282.27,666.0,Olympics,2016-08-17,Rio de Janeiro
311,22,Akihiko Nakamura,25.0,Japan,7612.0,22,11.04,852,21,7.13,845.0,29,12.0,606,25T,1.92,731,13,48.93,865.0,13T,14.57,902.0,26,34.91,562,15T,4.7,819.0,24,51.24,607.0,2,258.37,823.0,Olympics,2016-08-17,Rio de Janeiro
312,23,Karl Robert Saluri,22.0,Estonia,7223.0,11,10.82,901,24,7.02,818.0,20,13.88,721,28,1.77,602,24,50.32,800.0,27,16.51,676.0,18,42.96,725,20T,4.5,760.0,25,46.42,536.0,15,279.4,684.0,Olympics,2016-08-17,Rio de Janeiro
313,24,Maicel Uibo,23.0,Estonia,7170.0,26,11.16,825,19T,7.14,847.0,AC,,0,3T,2.13,925,27,51.08,765.0,20,14.84,869.0,25,37.69,618,6T,5.1,941.0,16,60.52,746.0,23,287.49,634.0,Olympics,2016-08-17,Rio de Janeiro
314,26,JiÅÃ­ SÃ½kora,21.0,Czech Republic,6237.0,25,11.15,827,25,7.0,814.0,24,13.45,695,19T,1.98,785,22,49.88,820.0,23,15.02,847.0,13,44.49,756,AC,,0.0,20,56.99,693.0,AC,,0.0,Olympics,2016-08-17,Rio de Janeiro
315,1,Roman Å ebrle,29.0,Czech Republic,8892.999999999996,11T,10.85,894,2,7.84,1020.0,1,16.36,873,4,2.12,915,4,48.36,892.0,5,14.05,968.0,4,48.72,844,7,5.0,910.0,1,70.52,897.0,23,280.01,680.0,Olympics,2004-08-23,Athens
316,2,Bryan Clay,24.0,United States,8820.0,1,10.44,989,1,7.96,1050.0,7T,15.23,804,6,2.06,859,15,49.19,852.0,6T,14.13,958.0,2,50.11,873,9,4.9,880.0,2,69.71,885.0,24,281.65,670.0,Olympics,2004-08-23,Athens
317,3,Dmitry Karpov,23.0,Kazakhstan,8725.0,2,10.5,975,3,7.81,1012.0,3,15.93,847,5,2.09,887,1,46.81,968.0,1,13.97,978.0,1,51.65,905,19T,4.6,790.0,21,55.54,671.0,20,278.11,692.0,Olympics,2004-08-23,Athens
318,4,Dean Macey,26.0,Great Britain,8414.0,15T,10.89,885,9,7.47,927.0,4,15.73,835,1,2.15,944,10,48.97,863.0,18,14.56,903.0,6,48.34,836,26,4.4,731.0,17,58.46,715.0,5,265.42,775.0,Olympics,2004-08-23,Athens
319,5,Chiel Warners,26.0,Netherlands,8343.0,4,10.62,947,4,7.74,995.0,20,14.48,758,16,1.97,776,2T,47.97,911.0,2T,14.01,973.0,17,43.73,741,8,4.9,880.0,22,55.39,669.0,19,278.05,693.0,Olympics,2004-08-23,Athens
320,6,Attila ZsivÃ³czky,27.0,Hungary,8287.0,18,10.91,881,21,7.14,847.0,6,15.31,809,2,2.12,915,19T,49.4,842.0,23,14.95,856.0,9T,45.62,780,16,4.7,819.0,6,63.45,790.0,7,269.54,748.0,Olympics,2004-08-23,Athens
321,7,Laurent Hernu,27.0,France,8237.0,22,10.97,867,20,7.19,859.0,18,14.65,768,10T,2.03,831,7T,48.73,874.0,11T,14.25,942.0,14,44.72,761,11,4.8,849.0,19,57.76,704.0,4,264.35,782.0,Olympics,2004-08-23,Athens
322,8,Erki Nool,34.0,Estonia,8235.0,9T,10.8,906,5,7.53,942.0,24,14.26,744,28T,1.88,696,9,48.81,870.0,21,14.8,874.0,22,42.05,706,1,5.4,1035.0,8,61.33,758.0,17,276.33,704.0,Olympics,2004-08-23,Athens
323,9,Claston Bernard,25.0,Jamaica,8225.0,6,10.69,931,8,7.48,930.0,16,14.8,777,3,2.12,915,14,49.13,855.0,8,14.17,953.0,13,44.75,762,29,4.4,731.0,23,55.27,667.0,16,276.31,704.0,Olympics,2004-08-23,Athens
324,10,Roland Schwarzl,23.0,Austria,8102.0,23,10.98,865,7,7.49,932.0,25,14.01,729,20,1.94,749,24,49.76,826.0,11T,14.25,942.0,21,42.43,714,3,5.1,941.0,20,56.32,683.0,13,273.56,721.0,Olympics,2004-08-23,Athens
325,11,Aleksandr Pogorelov,24.0,Russia,8084.0,21,10.95,872,15,7.31,888.0,10,15.1,796,7,2.06,859,27,50.79,779.0,10,14.21,948.0,15,44.6,759,5T,5.0,910.0,26,53.45,640.0,26,287.63,633.0,Olympics,2004-08-23,Athens
326,12,Florian SchÃ¶nbeck,30.0,Germany,8077.0,17,10.9,883,16,7.3,886.0,17,14.77,776,30,1.88,696,25,50.3,801.0,14,14.34,931.0,16,44.41,755,5T,5.0,910.0,9,60.89,751.0,22,278.82,688.0,Olympics,2004-08-23,Athens
327,13,Romain Barras,24.0,France,8067.0,32T,11.14,830,28T,6.99,811.0,14,14.91,784,17T,1.94,749,19T,49.41,842.0,15,14.37,927.0,12,44.83,763,19T,4.6,790.0,4,64.55,807.0,6,267.09,764.0,Olympics,2004-08-23,Athens
328,14,Maurice Smith,23.0,Jamaica,8023.0,11T,10.85,894,34,6.81,769.0,7T,15.24,804,25,1.91,723,16,49.27,849.0,2T,14.01,973.0,3,49.02,850,30,4.2,673.0,7,61.52,761.0,12,272.74,727.0,Olympics,2004-08-23,Athens
329,15,Nikolay Averyanov,24.0,Russia,8021.000000000001,3,10.55,963,13T,7.34,896.0,22,14.44,755,22T,1.94,749,23,49.72,828.0,16,14.39,925.0,31,39.88,662,13T,4.8,849.0,24,54.51,656.0,9,271.02,738.0,Olympics,2004-08-23,Athens
330,16,Jaakko Ojaniemi,23.0,Finland,8006.0,5,10.68,933,6,7.5,935.0,11T,14.97,788,22T,1.94,749,12T,49.12,856.0,26,15.01,848.0,27,40.35,672,21,4.6,790.0,15,59.26,727.0,15,275.71,708.0,Olympics,2004-08-23,Athens
331,17,Vitaly Smirnov,25.0,Uzbekistan,7992.999999999997,15T,10.89,885,23T,7.07,830.0,26,13.88,721,17T,1.94,749,12T,49.11,856.0,19,14.77,878.0,20,42.47,715,18,4.7,819.0,10,60.88,751.0,2,263.31,789.0,Olympics,2004-08-23,Athens
332,18,Qi Haifeng,21.0,China,7934.0,28,11.06,847,13T,7.34,896.0,29,13.55,701,14T,1.97,776,22,49.65,831.0,20,14.78,876.0,11,45.13,770,22T,4.5,760.0,11,60.79,750.0,11,272.63,727.0,Olympics,2004-08-23,Athens
333,19,Stefan Drews,25.0,Germany,7926.0,14,10.87,890,11T,7.38,905.0,34,13.07,672,28T,1.88,696,5,48.51,885.0,2T,14.01,973.0,29,40.11,667,4,5.0,910.0,29,51.53,611.0,14,274.21,717.0,Olympics,2004-08-23,Athens
334,20,Aleksandr Parkhomenko,23.0,Belarus,7917.999999999997,32T,11.14,830,36,6.61,723.0,5,15.69,832,9,2.03,831,29,51.04,767.0,22,14.88,864.0,23T,41.9,703,12,4.8,849.0,3,65.82,826.0,18,277.94,693.0,Olympics,2004-08-23,Athens
335,21,Paul Terek,24.0,United States,7893.0,19,10.92,878,30,6.94,799.0,9,15.15,799,19,1.94,749,21,49.56,835.0,29,15.12,835.0,9T,45.62,780,2,5.3,1004.0,30,50.62,598.0,28,290.36,616.0,Olympics,2004-08-23,Athens
336,22,David GÃ³mez,23.0,Spain,7865.0,29T,11.08,843,17T,7.26,876.0,19,14.57,763,33T,1.85,670,6,48.61,880.0,17,14.41,922.0,26,40.95,684,27T,4.4,731.0,12,60.71,749.0,8,269.7,747.0,Olympics,2004-08-23,Athens
337,23,Indrek Turi,23.0,Estonia,7707.999999999997,29T,11.08,843,31,6.91,792.0,28,13.62,705,8,2.03,831,32,51.67,739.0,13,14.26,941.0,32,39.83,661,13T,4.8,849.0,14,59.34,728.0,27,290.01,619.0,Olympics,2004-08-23,Athens
338,24,Santiago Lorenzo,26.0,Argentina,7592.0,31,11.1,838,27,7.03,821.0,33,13.22,681,31T,1.85,670,18,49.34,845.0,30,15.38,804.0,28,40.22,669,22T,4.5,760.0,18,58.36,713.0,1,263.08,791.0,Olympics,2004-08-23,Athens
339,25,JÄnis KarlivÄns,22.0,Latvia,7582.999999999997,37,11.33,789,17T,7.26,876.0,32,13.3,686,14T,1.97,776,26,50.54,790.0,25,14.98,852.0,18,43.34,733,24,4.5,760.0,28,52.92,632.0,21,278.67,689.0,Olympics,2004-08-23,Athens
340,26,Prodromos Korkizoglou,29.0,Greece,7572.999999999997,13,10.86,892,23T,7.07,830.0,15,14.81,778,21,1.94,749,30,51.16,762.0,24,14.96,854.0,8,46.07,789,17,4.7,819.0,27,53.05,634.0,30,317.0,466.0,Olympics,2004-08-23,Athens
341,27,Hans Olav Uldal,21.0,Norway,7495.0,34,11.23,810,28T,6.99,811.0,30,13.53,700,31T,1.85,670,28,50.95,771.0,28,15.09,839.0,19,43.01,726,24,4.5,760.0,13,60.0,738.0,25,281.7,670.0,Olympics,2004-08-23,Athens
342,28,Paolo Casarsa,29.0,Italy,7404.0,38,11.36,782,35,6.68,739.0,13,14.92,785,24,1.94,749,34,53.2,673.0,31,15.39,803.0,5,48.66,843,27T,4.4,731.0,16,58.62,717.0,29,296.12,582.0,Olympics,2004-08-23,Athens
343,29,EugÃ¨ne Martineau,24.0,Netherlands,7185.0,24,10.99,863,33,6.84,776.0,AC,,0,12T,2.0,803,11,49.1,857.0,27,15.02,847.0,30,40.0,665,15,4.8,849.0,5,63.62,792.0,10,271.79,733.0,Olympics,2004-08-23,Athens
344,30,Victor Covalenco,28.0,Moldova,6542.999999999997,35,11.28,799,19,7.2,862.0,35,13.04,670,33T,1.85,670,33,51.82,733.0,33,15.8,755.0,33,38.19,628,AC,,0.0,25,53.46,640.0,3,263.81,786.0,Olympics,2004-08-23,Athens
